Data;Hora UTC;PRECIPITAÇÃO TOTAL, HORÁRIO (mm);PRESSAO ATMOSFERICA AO NIVEL DA ESTACAO, HORARIA (mB);PRESSÃO ATMOSFERICA MAX.NA HORA ANT. (AUT) (mB);PRESSÃO ATMOSFERICA MIN. NA HORA ANT. (AUT) (mB);RADIACAO GLOBAL (Kj/m²);TEMPERATURA DO AR - BULBO SECO, HORARIA (°C);TEMPERATURA DO PONTO DE ORVALHO (°C);TEMPERATURA MÁXIMA NA HORA ANT. (AUT) (°C);TEMPERATURA MÍNIMA NA HORA ANT. (AUT) (°C);TEMPERATURA ORVALHO MAX. NA HORA ANT. (AUT) (°C);TEMPERATURA ORVALHO MIN. NA HORA ANT. (AUT) (°C);UMIDADE REL. MAX. NA HORA ANT. (AUT) (%);UMIDADE REL. MIN. NA HORA ANT. (AUT) (%);UMIDADE RELATIVA DO AR, HORARIA (%);VENTO, DIREÇÃO HORARIA (gr) (° (gr));VENTO, RAJADA MAXIMA (m/s);VENTO, VELOCIDADE HORARIA (m/s)
01/01/2022;0000 UTC;0;1004,9;1004,9;1004,5;;24,6;21,6;24,9;23,9;22,1;21,5;88;83;83;56;5,2;1,1
01/01/2022;0100 UTC;0;1005,2;1005,2;1004,9;;24,5;21,4;24,7;24,4;21,6;21,4;84;82;83;114;4;1
01/01/2022;0200 UTC;0,2;1005,3;1005,6;1005,2;;24,2;21,2;24,5;24;21,4;21,2;85;83;83;98;5,4;1,7
01/01/2022;0300 UTC;0,2;1004,1;1005,3;1004,1;;24,2;20,9;24,4;23,8;21,2;20,9;84;82;82;93;5,4;1,5
01/01/2022;0400 UTC;0;1003,8;1004,1;1003,4;;23,9;20,7;24,3;23,6;20,9;20,5;83;81;82;91;5;2,7
01/01/2022;0500 UTC;0;1004,1;1004,2;1003,8;;23,4;20,9;24,2;23,4;20,9;19,9;86;77;86;302;5;1,6
01/01/2022;0600 UTC;0,8;1003,7;1004,1;1003,7;;22,6;20,6;23,4;22,3;20,9;20,4;90;86;88;327;3,1;1,6
01/01/2022;0700 UTC;0;1004;1004;1003,6;;22,6;20,6;22,8;22,4;20,7;20,2;89;86;89;302;3,2;1,8
01/01/2022;0800 UTC;0,6;1003,9;1004,1;1003,8;;22,6;20,4;22,8;22,6;20,6;20,3;89;86;88;6;3,3;2,2
01/01/2022;0900 UTC;0;1004,3;1004,4;1003,9;18,1;22,4;20,8;23,1;22,3;20,8;20,2;90;86;90;64;3,2;1,7
01/01/2022;1000 UTC;0;1004,7;1004,8;1004,3;169,1;23,6;21,3;23,6;22,4;21,3;20,6;91;87;87;33;3,2;1
01/01/2022;1100 UTC;0;1005,1;1005,2;1004,7;329,2;23,6;21,7;23,9;23,5;22,1;21,4;89;87;89;192;3;0,4
01/01/2022;1200 UTC;0;1005,5;1005,7;1005,1;580,4;24,5;22,2;24,8;23,5;22,5;21,6;90;86;87;106;2,5;0,6
01/01/2022;1300 UTC;0;1005,8;1005,8;1005,5;932,7;26;21,2;26,1;24,4;22,7;20,8;87;74;75;59;3,3;1,8
01/01/2022;1400 UTC;0;1005,9;1005,9;1005,8;1121;24,6;21,8;26,1;24,4;22;20,9;85;74;85;287;3,8;2,1
01/01/2022;1500 UTC;0;1005,5;1005,9;1005,5;1227,6;24,9;21,9;24,9;24,1;22;21,3;86;83;84;258;3,6;1
01/01/2022;1600 UTC;0,2;1005,2;1005,5;1005,2;1339,6;24,6;21,7;26;24,5;22,7;21,4;84;79;84;269;3,3;1,5
01/01/2022;1700 UTC;0;1004,9;1005,2;1004,9;1738,5;26,4;22,9;26,4;24,5;22,9;21,6;84;80;81;88;3,4;1,7
01/01/2022;1800 UTC;0;1004,4;1004,9;1004,4;1466,9;25,8;22,6;26,7;25,3;23,4;22,1;84;79;82;113;2,9;1,2
01/01/2022;1900 UTC;0;1004;1004,4;1004;1620;26,7;22;27,4;25,8;23,6;22;84;75;76;100;5,5;2,5
01/01/2022;2000 UTC;0;1004,1;1004,1;1003,8;957,6;27,3;21,2;27,6;26,3;22,4;20,9;77;67;69;93;5,6;1,8
01/01/2022;2100 UTC;0;1004,4;1004,4;1004;322,7;27,1;21,4;27,3;26,9;21,6;21,1;72;69;71;37;6,9;1,1
01/01/2022;2200 UTC;0;1004,9;1004,9;1004,2;57,7;26,4;20,9;27,2;26,4;21,4;20,8;72;70;72;30;7,9;2,3
01/01/2022;2300 UTC;0;1005,8;1005,8;1004,9;;25,4;20,4;26,7;25,4;20,9;20,2;74;70;74;94;7,9;2
02/01/2022;0000 UTC;0;1006,6;1006,6;1005,8;;26,5;20,6;26,5;25,1;20,9;20,3;76;70;70;76;5,1;1,8
02/01/2022;0100 UTC;0;1007;1007;1006,6;;24,7;20,8;26,5;24,6;20,8;20,2;79;69;79;290;3,8;2
02/01/2022;0200 UTC;0;1006,5;1007;1006,5;;25,1;21,8;25,1;24,2;21,9;20,7;85;79;82;29;3,3;0,8
02/01/2022;0300 UTC;0;1005,9;1006,5;1005,8;;25,6;21,7;25,6;25,1;21,8;21,5;82;79;79;25;4,2;1,9
02/01/2022;0400 UTC;0;1005;1005,9;1005;;25,2;21,7;25,7;24,9;21,7;21,1;81;78;81;79;5,3;1,9
02/01/2022;0500 UTC;0;1004,4;1005;1004,4;;25,7;21,6;25,7;25;21,9;21,5;82;78;78;13;7,8;2,1
02/01/2022;0600 UTC;0;1004,4;1004,5;1004,3;;26,3;20,8;26,5;25,5;21,6;20,8;78;71;72;44;6,9;1,7
02/01/2022;0700 UTC;0;1004,8;1004,8;1004,3;;25,8;20,8;26,6;25,6;20,9;20,5;74;70;74;85;4,1;1,7
02/01/2022;0800 UTC;0,2;1005,6;1005,6;1004,8;;24,8;20,9;25,9;24,4;21,2;20,4;80;74;79;93;5,7;1,5
02/01/2022;0900 UTC;0;1005,9;1006;1005,6;29,3;25,6;20,9;25,6;24,2;21,1;20,5;80;75;75;119;4,6;1,5
02/01/2022;1000 UTC;0;1006,6;1006,6;1005,9;323;26,9;20,1;27,8;25,6;20,9;19,8;75;64;66;248;4,6;1
02/01/2022;1100 UTC;0;1007,4;1007,4;1006,6;770,9;26,8;20,8;28,3;26,3;21;19,7;72;60;70;299;4,2;1,6
02/01/2022;1200 UTC;0;1007,6;1007,7;1007,3;1283,3;26,6;20,8;28,1;26,5;21,8;20,6;71;67;71;242;3,9;1,4
02/01/2022;1300 UTC;0;1007,4;1007,6;1007,4;1604,8;28,9;21,4;29,4;26,3;22,3;20,7;73;62;64;216;3,3;1,4
02/01/2022;1400 UTC;0;1007,2;1007,5;1007,2;1733,8;26,8;21,1;29,2;26,3;21,4;20,5;73;61;71;287;4,1;2,1
02/01/2022;1500 UTC;0;1007;1007,3;1007;2522;27,2;21,7;28,2;26,7;22,7;20,8;74;69;72;102;4,6;2,9
02/01/2022;1600 UTC;0;1006,1;1007;1006;1804,7;26,7;21,8;27,2;25,6;22,4;21,1;79;72;74;99;6,9;3,5
02/01/2022;1700 UTC;0;1005,6;1006;1005,6;1746,8;25,4;20,7;27,5;25,2;22,2;20,6;77;70;75;72;7,4;3,6
02/01/2022;1800 UTC;0;1005;1005,6;1005;482,7;26,4;20,4;26,4;25,3;20,7;20,2;75;70;70;83;7,5;2,5
02/01/2022;1900 UTC;0;1005;1005,3;1005;1018,1;25,6;21;26,8;25,3;21,4;20,3;78;69;76;65;4,6;2
02/01/2022;2000 UTC;0;1005;1005;1004,8;416,8;26,1;20,1;26,1;25,4;20,8;19,9;76;69;70;77;4,8;1,6
02/01/2022;2100 UTC;0;1005,3;1005,3;1004,9;145,9;25,3;20;26,2;25,3;20,3;20;72;69;72;117;3,4;0,8
02/01/2022;2200 UTC;0;1005,7;1005,7;1005,2;17,1;24,4;21,2;25,3;24,2;21,2;19,9;82;72;82;144;1,7;0,5
02/01/2022;2300 UTC;0;1006,3;1006,3;1005,7;;23,9;21,5;25;23,7;21,5;21;87;80;86;300;3,1;2
03/01/2022;0000 UTC;0;1006,4;1006,4;1006,2;;24,2;21,9;24,2;23,5;22;21,2;89;86;87;296;2,9;0,9
03/01/2022;0100 UTC;0;1006,6;1006,7;1006,4;;26,4;21,4;26,5;24,2;22,1;21;87;74;74;63;4,7;2,2
03/01/2022;0200 UTC;0;1006,9;1006,9;1006,6;;23,4;21,3;26,4;23,2;21,5;20,3;88;74;88;265;4,1;2,2
03/01/2022;0300 UTC;0;1007;1007,1;1006,9;;23,6;22,1;23,7;23,1;22,2;21,3;92;88;91;255;5,3;1,8
03/01/2022;0400 UTC;0;1006,4;1007,1;1006,4;;23,9;22,4;23,9;23,6;22,5;22;92;91;91;263;5,3;1,2
03/01/2022;0500 UTC;0;1006,2;1006,5;1006,2;;23,5;22;24;23,4;22,5;21,8;92;91;91;89;2,6;2
03/01/2022;0600 UTC;0;1005,5;1006,2;1005,5;;23,6;22,5;23,8;23,5;22,5;22,1;93;91;93;55;3,9;2,2
03/01/2022;0700 UTC;0;1005,5;1005,6;1005,4;;24,5;22,6;24,5;23,6;22,7;22,4;93;89;89;62;4;2,2
03/01/2022;0800 UTC;0;1005,6;1005,7;1005,5;;24,2;22,3;24,7;23,8;22,7;21,6;89;88;89;96;4,5;2,9
03/01/2022;0900 UTC;0;1005,9;1006;1005,5;52,8;25,1;22,7;25,3;24,2;23;22,3;89;87;87;81;5;2,1
03/01/2022;1000 UTC;0;1006,5;1006,5;1005,9;367,1;26,2;23;26,2;25,1;23,2;22,7;87;83;83;63;5;1,8
03/01/2022;1100 UTC;0;1006,6;1006,7;1006,5;1291,4;25,7;21,5;27,8;25,7;23,4;21,3;83;73;78;100;4,1;1,9
03/01/2022;1200 UTC;0;1006,1;1006,6;1006,1;1405,1;28,7;22;28,9;25,2;22,8;21,3;81;67;67;359;7;3,4
03/01/2022;1300 UTC;0;1006,2;1006,3;1006,1;1714;29,5;22,2;29,9;28,6;23;21,7;69;63;65;87;6,9;2,1
03/01/2022;1400 UTC;0;1005,8;1006,2;1005,8;1646;29,7;22;29,9;28,5;22,4;21,1;67;60;63;63;5,3;2,1
03/01/2022;1500 UTC;0;1005,5;1005,8;1005,5;2229,3;27,4;21,6;30;27;22,8;21,1;74;60;71;103;5,5;2,5
03/01/2022;1600 UTC;0;1004,8;1005,6;1004,8;3159,8;27,3;22,5;29,6;26,9;23,3;21,2;76;65;75;144;4,8;1,4
03/01/2022;1700 UTC;0;1003,8;1004,8;1003,8;3247,8;28,2;22,9;28,5;25,2;24,1;21,5;83;73;73;120;5,9;3,5
03/01/2022;1800 UTC;0;1003;1003,8;1003;3085,3;32,8;19,3;32,8;26,2;23,3;19;76;44;45;52;5,5;1,9
03/01/2022;1900 UTC;0;1002,6;1003;1002,5;2125,2;26,8;21,8;32,9;26,7;21,9;19,2;74;44;74;99;7,4;5,2
03/01/2022;2000 UTC;0;1002,6;1002,7;1002,4;1127,2;27,2;22;27,9;26,5;22,7;21,8;78;72;73;90;7,9;2,6
03/01/2022;2100 UTC;0;1002,8;1002,8;1002,5;280,4;27,7;21,9;27,8;26,9;22,2;21,5;74;70;71;58;6;2,6
03/01/2022;2200 UTC;0;1003,4;1003,4;1002,7;28,2;29,8;21;30;27,4;22,4;21;72;59;59;113;4,6;0,3
03/01/2022;2300 UTC;0;1004,3;1004,3;1003,4;;25,7;21,5;29,9;24,9;22;20,3;81;59;77;288;5,2;1,9
04/01/2022;0000 UTC;0;1004,8;1004,8;1004,3;;27,2;20,8;28,7;25,4;22,4;20,7;78;66;68;56;3,7;2,2
04/01/2022;0100 UTC;0;1005,1;1005,1;1004,8;;25,8;21,1;27,1;25,4;21,5;20,6;76;68;75;77;4;2,3
04/01/2022;0200 UTC;0;1005,3;1005,3;1005,1;;24,7;21,1;25,9;24,7;21,5;20,6;80;75;80;158;3,1;1,8
04/01/2022;0300 UTC;0;1004,7;1005,3;1004,7;;24,9;21,7;24,9;24,2;21,7;20,8;83;80;83;279;2,5;1,4
04/01/2022;0400 UTC;0;1004,3;1004,7;1004,3;;25,9;21,4;25,9;24,9;21,8;21,1;83;76;76;174;1,9;0,6
04/01/2022;0500 UTC;0;1003,7;1004,3;1003,7;;24,9;21,3;25,9;24,9;21,5;21,1;80;76;80;263;1,7;1,1
04/01/2022;0600 UTC;0;1003,2;1003,7;1003,2;;24,3;21,4;24,9;24,3;21,6;21;84;80;84;91;1,9;1,4
04/01/2022;0700 UTC;0;1002,9;1003,2;1002,9;;25,5;21,5;25,8;24,3;22,1;21,5;85;78;79;57;4,1;2,2
04/01/2022;0800 UTC;0;1003,6;1003,6;1002,9;;24,7;21,2;26,1;23,7;21,7;19,6;82;74;81;72;4;2
04/01/2022;0900 UTC;0;1003,9;1003,9;1003,6;50;25,6;20,8;26;23,7;21,7;19,9;81;74;75;54;4,9;2,6
04/01/2022;1000 UTC;0;1004,2;1004,2;1003,9;185,8;26,2;20,6;26,4;25,1;21;19,7;75;69;71;66;5,4;1,8
04/01/2022;1100 UTC;0;1004,4;1004,5;1004,2;419,4;24,6;20,5;26,8;24,6;20,5;19,5;78;67;78;95;4,6;2,2
04/01/2022;1200 UTC;0;1004,8;1004,8;1004,3;608,1;25,5;21;26,1;24;21,3;20,5;82;73;76;91;6;3,1
04/01/2022;1300 UTC;0;1004,7;1005;1004,7;1094,2;26,4;21,1;26,7;25,5;21,5;20,4;76;69;73;41;5,5;2,1
04/01/2022;1400 UTC;0;1004,7;1004,8;1004,6;2315;27,5;21,7;28;26,4;22,2;20,7;73;68;71;91;5,9;3,4
04/01/2022;1500 UTC;0;1004,4;1004,8;1004,4;2271,6;27,2;21,8;27,8;26,7;22,2;21;73;70;72;54;6;2,5
04/01/2022;1600 UTC;0;1003,8;1004,4;1003,8;3373,8;27,8;21,8;29,3;26,9;22,8;21,2;73;65;70;102;4,8;2,7
04/01/2022;1700 UTC;0;1002,9;1003,8;1002,9;1200;27,2;21,8;27,8;25,9;22,6;21,2;79;70;72;90;6;3
04/01/2022;1800 UTC;0;1002,1;1002,9;1002,1;1404,5;27,4;21,9;28,1;27,1;22,2;21,4;73;68;72;107;5;1,9
04/01/2022;1900 UTC;0;1001,5;1002,1;1001,5;1268,1;28,6;21,6;28,9;27,1;22,3;21,3;73;65;66;79;4,3;2
04/01/2022;2000 UTC;0;1001,5;1001,6;1001,5;900,1;27;21,2;29,4;25;22,1;20,6;81;65;71;51;7,7;2,6
04/01/2022;2100 UTC;0;1001,5;1001,6;1001,4;286,9;25,4;21,1;27,2;25,1;21,2;20,6;77;69;77;58;6,3;3,2
04/01/2022;2200 UTC;0;1001,9;1001,9;1001,5;35,8;26,1;21,5;26,2;25,2;21,6;21;78;75;76;65;6,9;2
04/01/2022;2300 UTC;0;1002,4;1002,4;1001,9;;27;21,8;27;25,7;21,8;21,2;77;73;73;56;4,4;2,2
05/01/2022;0000 UTC;0;1002,8;1002,8;1002,4;;25,4;21,8;28,2;24,4;22,1;20,2;82;68;81;63;4,2;2,1
05/01/2022;0100 UTC;0;1002,8;1003,1;1002,8;;27,5;21,3;28;25,4;22,2;21,3;81;68;69;46;4,8;2
05/01/2022;0200 UTC;0;1002,3;1002,8;1002,3;;27,5;21,3;28,1;27,3;21,6;21,1;70;67;69;93;6,1;2,5
05/01/2022;0300 UTC;0;1002;1002,4;1002;;27;21,3;27,5;26,9;21,4;21,1;72;69;71;89;6,1;2,4
05/01/2022;0400 UTC;0;1001,7;1002;1001,7;;26;21;27,6;26;21,3;20,3;74;66;74;86;6,3;3,9
05/01/2022;0500 UTC;0;1001,4;1001,8;1001,4;;25,8;21;26,7;25,1;21,4;20,4;78;72;75;56;5,8;2,7
05/01/2022;0600 UTC;0;1000,9;1001,4;1000,9;;25,8;20,9;26,1;25,4;21;20,6;75;73;74;49;5,4;2,2
05/01/2022;0700 UTC;0;1000,7;1000,9;1000,7;;26,1;20,2;26,6;25,4;20,9;20;75;68;70;47;5,5;2,5
05/01/2022;0800 UTC;0;1000,7;1000,7;1000,6;;27,5;19,1;27,6;26;20,2;19,1;70;60;60;41;5,3;1
05/01/2022;0900 UTC;0;1000,9;1000,9;1000,7;74,2;26;19,2;27,5;25,5;19,5;18,9;68;60;66;69;5,7;2,2
05/01/2022;1000 UTC;0;1001,4;1001,4;1000,9;409,3;25,9;19,5;26,2;25,4;19,5;19;69;66;68;76;6,1;2,3
05/01/2022;1100 UTC;0;1001,5;1001,6;1001,3;1032,1;29,6;19,6;29,6;25,7;20,2;19,2;68;55;55;64;5,5;1,1
05/01/2022;1200 UTC;0;1001,5;1001,6;1001,3;1067,7;29,9;18,5;30,4;29,6;19,3;18;55;48;50;39;7,8;2,5
05/01/2022;1300 UTC;0;1001,8;1001,9;1001,5;670;29,4;18,7;30;29,4;19,2;18,3;53;50;52;79;7;1,2
05/01/2022;1400 UTC;0;1001,3;1001,8;1001,2;596,8;30,4;19,3;30,4;29,2;20,1;18,5;56;51;52;6;6;1,6
05/01/2022;1500 UTC;0;1001,2;1001,4;1001,1;1690,7;31,7;19,9;31,7;29,3;21;18,9;58;49;50;83;7,4;2,1
05/01/2022;1600 UTC;0;1000,8;1001,3;1000,8;1792;31;19,8;32,3;30,5;21,4;18,9;54;47;52;98;6,6;1,5
05/01/2022;1700 UTC;0;1000,1;1000,8;1000,1;2399,9;32,2;20,5;32,6;30,9;21;19,2;54;48;50;121;5,7;2,4
05/01/2022;1800 UTC;0;999,5;1000,1;999,5;3015,5;33;19,6;34;31,4;21;18,9;51;42;45;68;6,7;2,1
05/01/2022;1900 UTC;0;999,4;999,5;999,3;1213,5;26,3;19,7;33;26,3;20,1;18,9;67;45;67;95;6,9;4,1
05/01/2022;2000 UTC;0;999,9;999,9;999,4;413,4;28,2;19,7;28,3;26,3;20,2;19,5;68;59;60;56;8;2,4
05/01/2022;2100 UTC;0;1000,4;1000,4;999,8;98,8;29,9;20,7;30,2;27,9;20,8;19,5;62;56;58;318;6,8;2,1
05/01/2022;2200 UTC;1,8;1001,4;1001,4;1000,3;;25,5;21,6;29,9;25,5;22;20,7;81;58;79;255;8,4;2,2
05/01/2022;2300 UTC;1,2;1002,2;1002,2;1001,4;;23,9;22;25,8;23,9;22,6;21,5;89;78;89;185;4,1;1,3
06/01/2022;0000 UTC;0;1002,4;1002,4;1002,2;;23,8;22,4;24;23,6;22,5;21,9;92;89;92;108;2,3;1,2
06/01/2022;0100 UTC;0;1002,5;1002,6;1002,3;;23,4;22,3;23,8;23,1;22,5;22;94;92;94;62;5,3;3
06/01/2022;0200 UTC;0;1002,5;1002,6;1002,4;;23,8;22,4;23,8;23,3;22,5;22,3;94;92;92;62;5,3;2,7
06/01/2022;0300 UTC;0;1001,8;1002,5;1001,8;;23,9;22,7;24,1;23,6;22,8;22,3;93;92;93;89;6,3;3,7
06/01/2022;0400 UTC;0;1001;1001,8;1001;;23,7;22,6;23,9;23,5;22,7;22,4;94;93;94;121;6,3;3,6
06/01/2022;0500 UTC;0;1000,8;1001;1000,8;;23;22;23,8;22,6;22,7;21,6;94;94;94;80;5,3;3,1
06/01/2022;0600 UTC;0;1000,5;1000,8;1000,5;;22,3;21,4;23;22,1;22;21;94;94;94;81;5,2;2,4
06/01/2022;0700 UTC;0;1000,3;1000,5;1000,2;;23,1;22;23,1;22,3;22;21,4;95;93;94;56;4,2;2
06/01/2022;0800 UTC;0;1000,6;1000,6;1000,2;;22,5;21,6;23,1;22,3;22;21,2;94;93;94;90;5,2;3,3
06/01/2022;0900 UTC;0;1001;1001,1;1000,6;31,7;26,2;23,3;26,2;22,5;23,7;21,6;95;84;84;72;6,1;1,6
06/01/2022;1000 UTC;0;1001,3;1001,4;1001;221,8;27,1;21,7;28,3;26,2;23,3;21,1;84;66;72;184;6,2;1,4
06/01/2022;1100 UTC;0;1001,4;1001,6;1001,3;351,7;28,1;21,1;28,6;26,9;21,7;20,8;72;63;66;94;6,5;1,5
06/01/2022;1200 UTC;0;1001,5;1001,6;1001,3;545,7;28,9;20,8;28,9;27,6;21,2;20,3;67;60;62;346;13,5;3,3
06/01/2022;1300 UTC;0;1001,3;1001,8;1001,2;1175,9;29,7;20,8;29,8;28,7;21,2;20,4;63;57;59;346;11,9;2,8
06/01/2022;1400 UTC;0,2;1001,1;1001,3;1001;1743,6;31,2;21;31,5;29,7;21,2;20;59;52;55;354;12,5;2,9
06/01/2022;1500 UTC;0;1001,2;1001,3;1001;1555,1;29,5;21,5;31,5;29,5;22,5;20,4;63;52;62;163;8,8;2,8
06/01/2022;1600 UTC;0;1000,9;1001,3;1000,8;1460,7;30,2;22,6;30,4;29;22,8;21,3;66;59;64;195;5;2,2
06/01/2022;1700 UTC;0;1001,3;1001,3;1000,8;1464,7;26,6;22,1;31,5;26,2;22,5;20,5;77;55;77;231;7,4;2,8
06/01/2022;1800 UTC;0;1000,9;1001,3;1000,9;1871,5;26,6;22,6;27,1;25,7;23,4;22;82;76;79;271;5,3;3,1
06/01/2022;1900 UTC;0;1000,9;1001,1;1000,8;535,2;24,7;23,1;26,6;24,1;23,1;21,8;91;79;91;271;7,6;4,6
06/01/2022;2000 UTC;0;1001,8;1001,8;1000,9;123,3;24;22,7;24,7;23,4;23,1;22,2;93;90;92;287;9,5;4,4
06/01/2022;2100 UTC;0;1002,2;1002,2;1001,8;46,7;23,9;21,9;24,3;23,9;22,8;21,9;92;88;89;287;9,6;3,9
06/01/2022;2200 UTC;1,2;1002,8;1002,8;1002,2;3,7;22,8;21,8;23,9;22,8;22,1;21,6;94;89;94;280;10,4;4,3
06/01/2022;2300 UTC;0,8;1003,4;1003,4;1002,8;;22,9;22,1;23,1;22,7;22,3;21,8;95;94;95;274;8;3,3
07/01/2022;0000 UTC;0,4;1003,9;1003,9;1003,4;;23,3;22,5;23,3;22,9;22,5;22,1;96;95;95;274;6,8;2,8
07/01/2022;0100 UTC;0,2;1004,2;1004,2;1003,9;;23,8;22,9;23,9;23,3;23;22,5;95;94;94;282;6,8;1,8
07/01/2022;0200 UTC;0;1004,3;1004,3;1004,2;;24,1;23,1;24,2;23,8;23,2;22,9;95;94;94;282;6,7;2,2
07/01/2022;0300 UTC;0;1003,6;1004,3;1003,6;;24;23;24,1;24;23,1;23;94;94;94;284;7,5;3,4
07/01/2022;0400 UTC;0;1003,3;1003,6;1003,3;;24;23;24,1;24;23;23;94;93;94;279;8,4;4
07/01/2022;0500 UTC;0;1003;1003,4;1003;;23,8;22,9;24,1;23,8;23;22,9;95;94;95;282;8,9;3,9
07/01/2022;0600 UTC;0;1002,6;1003;1002,5;;23,7;22,8;23,9;23,7;23;22,8;95;95;95;277;8,8;2,7
07/01/2022;0700 UTC;0;1002,6;1002,6;1002,5;;23,7;22,8;23,8;23,6;22,8;22,7;95;94;94;278;7,3;3,3
07/01/2022;0800 UTC;0,4;1003,1;1003,1;1002,5;;23,5;22,7;23,7;23,5;22,8;22,6;95;94;95;282;8,8;2,2
07/01/2022;0900 UTC;0,2;1003,8;1003,8;1003,1;28,5;23,6;22,9;23,7;23,5;22,9;22,7;96;95;96;284;6,5;2,5
07/01/2022;1000 UTC;2,2;1004,3;1004,3;1003,8;96;23,5;22,8;23,6;23,4;22,9;22,7;96;96;96;284;7,2;2,7
07/01/2022;1100 UTC;2,8;1004,8;1004,8;1004,3;194;23,4;22,7;23,6;23,3;22,9;22,6;96;96;96;248;8,5;3,5
07/01/2022;1200 UTC;1,8;1005,2;1005,2;1004,7;390,6;23,5;22,9;23,6;23,2;23;22,5;96;96;96;279;9,7;4
07/01/2022;1300 UTC;0,8;1005,7;1005,7;1005,2;497,1;23,1;22,5;23,5;23,1;22,9;22,4;96;96;96;278;12,3;5,2
07/01/2022;1400 UTC;0,6;1005,8;1005,9;1005,7;1222,7;23,1;22,4;23,5;23;22,8;22,4;96;96;96;282;9,9;4,5
07/01/2022;1500 UTC;0;1005,6;1005,8;1005,6;1281,9;23,8;22,9;24;23;23,1;22,4;96;95;95;281;13,1;4,4
07/01/2022;1600 UTC;0;1005,4;1005,6;1005,3;1352,6;24,2;22,9;24,3;23,8;23,2;22,9;95;93;93;279;8,4;4,4
07/01/2022;1700 UTC;0;1005,1;1005,4;1005,1;1098,4;23,9;22,6;24,5;23,4;23,2;22,3;93;92;93;278;11,1;4,2
07/01/2022;1800 UTC;0,2;1004,7;1005,1;1004,7;959,8;23,9;22,5;24,2;23,8;22,8;22,3;93;91;92;279;8,7;4,3
07/01/2022;1900 UTC;0,2;1005,1;1005,1;1004,7;862,4;23,6;22,4;24,2;23,6;22,6;22,3;93;91;92;272;10,4;4,2
07/01/2022;2000 UTC;0;1005,4;1005,5;1005,1;433,5;23,7;22,6;23,7;23,6;22,6;22,4;94;92;94;282;8,9;3
07/01/2022;2100 UTC;1,6;1005,9;1005,9;1005,4;118,9;23,1;22,1;23,7;22,7;22,6;21,7;94;94;94;269;6,4;2,7
07/01/2022;2200 UTC;0,6;1006,4;1006,4;1005,9;18,9;23,3;22,4;23,4;23,1;22,5;22,1;95;94;94;226;5,5;2,7
07/01/2022;2300 UTC;0,4;1007,1;1007,1;1006,4;;23,8;22,5;23,8;23,2;22,5;22,2;94;92;92;208;7,1;2,7
08/01/2022;0000 UTC;0;1007,3;1007,3;1007,1;;23,3;22,1;23,8;23,2;22,5;22;93;92;93;202;5,8;2,4
08/01/2022;0100 UTC;0;1007,3;1007,5;1007,3;;23,5;22,3;23,5;23,3;22,3;22,1;93;93;93;226;3,3;0,7
08/01/2022;0200 UTC;0;1006,9;1007,4;1006,9;;23,4;22,3;23,5;23,4;22,3;22,2;94;93;94;193;2,9;1,7
08/01/2022;0300 UTC;11,6;1006,5;1006,9;1006,5;;22,3;21,5;23,4;22,3;22,3;21,5;95;94;95;161;7,6;5,5
08/01/2022;0400 UTC;1,6;1006,4;1006,5;1006,4;;22,4;21,6;22,7;22,1;22;21,3;96;95;95;92;7,6;3,3
08/01/2022;0500 UTC;1,4;1006,1;1006,4;1006,1;;22,4;21,7;22,4;22,2;21,7;21,5;96;95;96;58;5,5;1
08/01/2022;0600 UTC;1,4;1005,5;1006,1;1005,5;;22,6;21,9;22,7;22,3;22;21,6;96;96;96;276;3,1;1
08/01/2022;0700 UTC;0,2;1005,7;1005,7;1005,4;;22,9;22,2;23;22,6;22,3;21,9;96;96;96;181;6,2;3,6
08/01/2022;0800 UTC;0,6;1006,2;1006,2;1005,7;;22,7;22;22,9;22,7;22,2;22;96;96;96;199;5,2;2,4
08/01/2022;0900 UTC;1,4;1006,6;1006,6;1006,2;12,5;22,9;22,1;22,9;22,7;22,1;22;96;96;96;204;4,2;2,1
08/01/2022;1000 UTC;1,6;1007;1007;1006,5;138,2;22,8;22,1;22,9;22,3;22,2;21,5;96;95;96;168;7,4;2,9
08/01/2022;1100 UTC;1;1007,4;1007,4;1007;208,7;23;22,3;23,2;22,8;22,5;22,1;96;96;96;148;6,5;4,2
08/01/2022;1200 UTC;0,4;1007,8;1007,8;1007,4;834,3;22,8;22,1;24,1;22,8;23,5;22,1;96;96;96;143;8;5,9
08/01/2022;1300 UTC;0;1008;1008;1007,8;1066,6;23,9;23,2;24,1;22,8;23,3;22,1;96;96;96;138;8;3,6
08/01/2022;1400 UTC;0;1007,9;1008,1;1007,9;1332,6;23,7;22,9;24,9;23,7;24,2;22,8;96;95;95;118;4,6;2,5
08/01/2022;1500 UTC;0,4;1007,6;1007,9;1007,6;801,2;23,3;22,3;23,9;23,2;23;22,2;95;94;94;93;4;1
08/01/2022;1600 UTC;0;1007,4;1007,6;1007,3;1098,1;23,9;22,7;24,2;23,3;23,3;22,3;95;93;93;97;2,9;1,8
08/01/2022;1700 UTC;0,2;1007,4;1007,4;1007,3;760;23,5;22,5;24,7;23,2;23,6;22,1;94;93;94;132;9,2;3
08/01/2022;1800 UTC;1,4;1007,3;1007,4;1007,2;512;22,4;21,5;23,7;22,3;22,7;21,4;95;93;95;143;11,7;8,7
08/01/2022;1900 UTC;1,2;1007,5;1007,5;1007,2;289,3;22,3;21,5;22,5;22;21,8;21,1;95;95;95;134;10,6;6,2
08/01/2022;2000 UTC;2,6;1007,9;1007,9;1007,5;151,5;22,1;21,4;22,4;21,9;21,6;21,1;96;95;96;135;9,3;4,7
08/01/2022;2100 UTC;3,6;1008,5;1008,5;1007,8;65,2;22,3;21,6;22,3;21,8;21,6;21;96;95;96;125;11,6;4,7
08/01/2022;2200 UTC;0,8;1008,8;1008,9;1008,5;11,7;21,9;21,2;22,3;21,9;21,6;21,2;96;96;96;121;7,6;2,8
08/01/2022;2300 UTC;1,4;1009,5;1009,5;1008,8;;22,2;21,5;22,3;21,9;21,6;21,2;96;96;96;125;7,7;5,1
09/01/2022;0000 UTC;0,2;1009,9;1010;1009,5;;22;21,4;22,2;21,9;21,5;21,3;96;96;96;97;6,9;4,7
09/01/2022;0100 UTC;0;1010,4;1010,4;1009,9;;21,6;20,9;22;21,6;21,3;20,9;96;96;96;28;6,9;0,6
09/01/2022;0200 UTC;0,8;1010,4;1010,6;1010,4;;21,7;20,8;21,8;21,5;21;20,8;96;95;95;69;2,9;1,3
09/01/2022;0300 UTC;0,2;1009,6;1010,4;1009,6;;21,7;20,9;21,8;21,5;21;20,7;95;95;95;141;2,5;1,1
09/01/2022;0400 UTC;0;1008,9;1009,6;1008,8;;21,7;20,8;21,8;21,5;21;20,6;95;95;95;205;2,5;0,6
09/01/2022;0500 UTC;0;1008,4;1008,9;1008,4;;21,9;20,9;21,9;21,7;21;20,7;95;94;94;118;1,6;0,2
09/01/2022;0600 UTC;0;1008,3;1008,4;1008,1;;21,7;20,7;21,9;21,6;20,9;20,6;94;94;94;97;2;0,5
09/01/2022;0700 UTC;0;1008,3;1008,3;1008,1;;21,7;20,7;21,9;21,5;20,9;20,5;94;94;94;33;2,5;0,7
09/01/2022;0800 UTC;0;1009;1009;1008,3;;21,8;20,5;21,9;21,5;20,7;20,4;94;93;93;69;1,8;0,9
09/01/2022;0900 UTC;0;1009,8;1009,8;1009;23;22;20,6;22,1;21,8;20,8;20,5;93;92;92;19;1,6;0,2
09/01/2022;1000 UTC;0;1010;1010;1009,7;272,3;23,3;21,4;23,3;22;21,4;20,5;92;89;89;145;1,1;0,3
09/01/2022;1100 UTC;0;1010,1;1010,3;1010;531,8;23,7;21,1;23,8;23;21,4;20,6;89;85;86;137;1,2;0,5
09/01/2022;1200 UTC;0;1010,6;1010,6;1010,1;766,5;23,5;21,2;24,1;23,3;21,6;20,9;88;85;87;193;1,5;0,5
09/01/2022;1300 UTC;0;1010,9;1010,9;1010,6;1179,6;23,8;21,9;24,4;23,4;22,4;21;89;86;89;172;2,1;1,3
09/01/2022;1400 UTC;0;1010,6;1010,9;1010,6;1192,8;23,5;21,5;24,5;23,5;22,5;21,4;89;88;88;168;2,4;1,8
09/01/2022;1500 UTC;0;1009,8;1010,6;1009,8;1644,9;25,3;22,8;25,3;23,4;23;21,4;89;85;86;148;2,6;1,5
09/01/2022;1600 UTC;0;1009,5;1009,9;1009,5;1730,5;24,5;22;26,1;24,3;23,5;21,4;86;83;86;209;2,6;1,3
09/01/2022;1700 UTC;0;1008,9;1009,5;1008,9;1379,1;24,6;21,7;24,8;24,1;22,2;21,3;86;83;84;207;2,7;1,3
09/01/2022;1800 UTC;0;1008,6;1008,9;1008,6;1171,6;23,6;20,7;24,8;23,5;21,8;20,1;84;80;84;167;2,9;1,9
09/01/2022;1900 UTC;2;1008,5;1008,6;1008,4;537,8;22;20,4;24;22;21,5;19,8;91;84;91;103;4,5;1,8
09/01/2022;2000 UTC;1,6;1008,3;1008,5;1008,3;259,8;21,2;20;22,1;20,9;20,6;19,7;93;91;93;93;3,1;0,7
09/01/2022;2100 UTC;0,2;1008,5;1008,5;1008,2;130,7;20,8;19,6;21,3;20,4;20,1;19,1;93;92;93;231;1,6;0,7
09/01/2022;2200 UTC;0,6;1008,9;1008,9;1008,5;8,5;20,4;19,2;21;20,4;19,9;19,2;93;93;93;281;4,1;1,9
09/01/2022;2300 UTC;0,2;1008,7;1008,9;1008,7;;20,1;18,6;20,7;20,1;19,4;18,6;93;91;91;267;4,2;1,3
10/01/2022;0000 UTC;0,2;1009,2;1009,2;1008,7;;20,2;18,5;20,3;20;18,8;18,3;91;90;90;197;2,3;0,6
10/01/2022;0100 UTC;0;1009,3;1009,5;1009,2;;20,7;18,8;20,7;20,2;18,9;18,4;90;89;89;235;1,5;1
10/01/2022;0200 UTC;0;1008,9;1009,4;1008,9;;20,9;19,2;20,9;20,6;19,2;18,7;90;89;90;84;2,4;0,6
10/01/2022;0300 UTC;0;1008,2;1008,9;1008,2;;21,1;19,5;21,1;20,7;19,5;19;91;90;91;101;1,7;0,7
10/01/2022;0400 UTC;0;1007,5;1008,2;1007,5;;20,6;19,1;21,1;20,6;19,6;19;91;91;91;71;1,9;0,8
10/01/2022;0500 UTC;0,8;1006,6;1007,5;1006,6;;20,7;19,4;20,9;20,6;19,5;19,1;92;91;92;108;2,3;0,8
10/01/2022;0600 UTC;1;1006,1;1006,6;1006,1;;20,5;19,4;20,8;20,4;19,6;19,3;93;92;93;112;2,6;1,3
10/01/2022;0700 UTC;0;1005,8;1006,1;1005,8;;20,5;19,4;20,6;20,3;19,5;19,2;94;93;93;75;1,9;1
10/01/2022;0800 UTC;1;1006,1;1006,1;1005,7;;20,8;19,8;20,8;20,5;19,8;19,4;94;93;94;51;1,8;0,8
10/01/2022;0900 UTC;1,4;1006,6;1006,8;1006,1;16,3;21,1;20,2;21,1;20,8;20,2;19,7;94;94;94;89;1,8;0,6
10/01/2022;1000 UTC;0,2;1006,5;1006,7;1006,4;141,4;21,5;20,6;21,5;21,1;20,6;20,1;95;94;95;136;1,7;1,1
10/01/2022;1100 UTC;0;1006,8;1006,9;1006,5;342,9;21,9;21;22,1;21,2;21,2;20,3;95;94;94;141;1,7;0,8
10/01/2022;1200 UTC;0;1007;1007;1006,7;1020,7;23,1;21,9;23,5;21,8;22,5;20,6;95;92;93;114;2;1,1
10/01/2022;1300 UTC;0;1006,7;1007,1;1006,7;826,1;22,7;21,4;23,6;22,2;22,5;20,8;93;91;92;207;2,3;1,2
10/01/2022;1400 UTC;0;1006,4;1006,7;1006,3;1378,1;23,4;21,6;23,5;22,7;21,9;21,3;93;90;90;266;3,5;1,8
10/01/2022;1500 UTC;0;1006,1;1006,4;1006;1939,1;24,1;21,8;24,6;23,4;22,6;21,4;90;87;87;243;3,7;1,6
10/01/2022;1600 UTC;0;1005,6;1006,2;1005,6;1396,9;23,6;21,7;24,2;23,3;22;21,3;90;87;89;251;3,9;1,7
10/01/2022;1700 UTC;0,2;1005;1005,7;1005;2250,7;24,3;22;24,7;23,6;22,5;21,2;89;85;87;244;4,9;1,6
10/01/2022;1800 UTC;0;1004,5;1005,1;1004,4;1355;23,5;21,3;24,6;23,5;22,3;21,2;88;85;87;256;4,1;2,1
10/01/2022;1900 UTC;0;1004,6;1004,6;1004,3;545,7;23,3;21,6;23,5;23,1;21,7;21,2;90;87;90;255;4,8;2,3
10/01/2022;2000 UTC;0;1004,8;1004,8;1004,4;341,3;23;21,5;23,4;23;21,6;21,4;91;90;91;256;6,4;2,6
10/01/2022;2100 UTC;0;1004,9;1005;1004,8;106,1;22,9;21,4;23;22,8;21,5;21,3;91;91;91;265;6,6;2,8
10/01/2022;2200 UTC;0;1005,7;1005,7;1004,9;11,8;22,7;21,1;22,9;22,6;21,4;21,1;92;91;91;256;6,6;2,2
10/01/2022;2300 UTC;0;1006,1;1006,1;1005,7;;22,9;21,2;23;22,7;21,3;21,1;91;90;90;285;5,1;2,1
11/01/2022;0000 UTC;0;1006,6;1006,6;1006,1;;23;21,4;23;22,9;21,4;21,1;91;90;90;286;4,4;1,5
11/01/2022;0100 UTC;0;1007;1007;1006,6;;22,9;21,3;23,1;22,9;21,5;21,2;91;90;91;293;3,3;0,5
11/01/2022;0200 UTC;0,6;1007;1007;1006,9;;22,8;21,5;23;22,7;21,6;21,3;93;91;93;91;3,1;0,6
11/01/2022;0300 UTC;1,8;1006,4;1007;1006,4;;22,6;21,5;22,8;22,6;21,6;21,4;93;93;93;88;4;1,5
11/01/2022;0400 UTC;3,8;1005,8;1006,4;1005,8;;22,6;21,6;22,6;22,4;21,6;21,3;94;93;94;3;4,5;1
11/01/2022;0500 UTC;1,4;1004,9;1005,8;1004,9;;22,3;21,4;22,7;22,2;21,7;21,4;95;94;95;286;4;1,5
11/01/2022;0600 UTC;0,6;1004,3;1004,9;1004,3;;22,3;21,5;22,3;22,3;21,5;21,4;95;95;95;256;3,1;0,8
11/01/2022;0700 UTC;0;1003,8;1004,3;1003,8;;22,5;21,7;22,5;22,3;21,8;21,5;95;95;95;118;3;1,6
11/01/2022;0800 UTC;0;1004,3;1004,3;1003,8;;22,5;21,6;22,5;22,3;21,7;21,5;95;95;95;54;3,7;1,1
11/01/2022;0900 UTC;0;1004,3;1004,4;1004,2;24,9;22,7;21,8;22,7;22,4;21,9;21,6;95;95;95;291;3,3;1,1
11/01/2022;1000 UTC;0,2;1005;1005;1004,3;196,7;23;22,2;23;22,7;22,2;21,8;95;95;95;298;2,8;1
11/01/2022;1100 UTC;0;1005,5;1005,6;1005;742,9;24,4;23,5;24,4;22,9;23,5;22;95;94;95;134;3;1,5
11/01/2022;1200 UTC;0;1005,7;1005,8;1005,5;1658,6;24,7;23,1;25;23,9;23,9;22,9;95;90;90;105;4;3,1
11/01/2022;1300 UTC;0;1005,8;1005,8;1005,7;703;24,1;22,7;24,7;23,6;22,9;22,1;92;90;92;101;4,7;1,8
11/01/2022;1400 UTC;0;1005,7;1006;1005,7;847;25,1;23,8;25,3;24,1;24;22,6;93;91;92;136;4,2;3,4
11/01/2022;1500 UTC;0;1005,5;1005,8;1005,4;1336;25,2;23,4;25,5;24,4;24;22,9;92;90;90;149;4,2;2,4
11/01/2022;1600 UTC;0;1005,2;1005,5;1005,2;1910;26,9;24,6;27,1;24,9;25,4;23,1;92;87;87;139;4,2;3,1
11/01/2022;1700 UTC;0;1004,8;1005,3;1004,8;2439,8;24,7;22,5;27,2;24,7;25;22,4;88;85;88;168;4,3;3,3
11/01/2022;1800 UTC;0;1004,7;1004,8;1004,5;1096,3;25,4;23,4;25,4;24,2;23,5;22,4;90;87;89;182;4,2;2,1
11/01/2022;1900 UTC;0;1004,4;1004,7;1004,4;532,1;24,3;22,9;25,4;24,2;23,1;22,2;92;88;92;257;3,4;1,9
11/01/2022;2000 UTC;9,2;1005,6;1005,6;1004,4;74,1;23,6;22,6;24,3;23,6;22,8;22,5;94;92;94;298;4,2;1,5
11/01/2022;2100 UTC;10,8;1005,8;1005,8;1005;13,4;23,4;22,6;23,6;23,3;22,7;22,4;95;94;95;187;4,3;1,1
11/01/2022;2200 UTC;1,4;1005,9;1006,1;1005,8;1,6;23,5;22,8;23,6;23,4;22,9;22,6;96;95;96;267;2,3;0,8
11/01/2022;2300 UTC;0,6;1007;1007,1;1005,9;;23,3;22,6;23,5;23,3;22,8;22,5;96;96;96;29;2,6;0,9
12/01/2022;0000 UTC;0;1007,4;1007,4;1007;;23,6;22,8;23,6;23,2;22,8;22,5;96;95;95;107;1,9;1,1
12/01/2022;0100 UTC;0;1007,7;1007,7;1007,4;;23,5;22,7;23,6;23,5;22,8;22,6;95;95;95;292;2,1;1,2
12/01/2022;0200 UTC;0;1007,4;1007,8;1007,4;;23,4;22,6;23,6;23,4;22,8;22,6;95;95;95;291;2,1;1,1
12/01/2022;0300 UTC;0;1007,5;1007,7;1007,4;;23,6;22,8;23,6;23,3;22,9;22,5;95;95;95;276;5,1;2,2
12/01/2022;0400 UTC;0;1006,7;1007,5;1006,7;;23,5;22,8;23,7;23,5;22,9;22,7;95;95;95;273;5,1;2,4
12/01/2022;0500 UTC;0;1006,3;1006,8;1006,3;;23,4;22,6;23,6;23,4;22,8;22,6;96;95;95;282;4,3;1,1
12/01/2022;0600 UTC;0;1005,8;1006,3;1005,7;;23,4;22,6;23,4;23,3;22,6;22,5;96;95;96;105;2,5;1,3
12/01/2022;0700 UTC;0;1005,2;1005,8;1005,2;;23,6;22,8;23,6;23,3;22,8;22,6;96;95;95;61;4,5;1,6
12/01/2022;0800 UTC;0;1005,9;1005,9;1005,1;;23,5;22,5;23,7;23,5;22,8;22,5;95;94;94;309;4,5;1
12/01/2022;0900 UTC;0;1006,6;1006,6;1005,9;69,3;23,8;22,7;23,8;23,4;22,8;22,5;94;93;93;303;8,3;1
12/01/2022;1000 UTC;0;1006,8;1006,8;1006,5;528,4;24,8;23,5;24,8;23,8;23,5;22,6;94;92;93;263;2,6;1
12/01/2022;1100 UTC;0;1007,4;1007,4;1006,8;1439,7;24,8;23,2;25,6;24,7;24,3;23;93;90;91;272;3,7;2,1
12/01/2022;1200 UTC;0;1008;1008;1007,4;2286;26,4;24,5;26,4;24,8;24,5;23,1;91;89;89;240;6;1,8
12/01/2022;1300 UTC;0;1008,5;1008,6;1008;1764,4;25;23,1;27,1;24,8;25;22,8;90;85;89;188;5,2;3,4
12/01/2022;1400 UTC;0;1008,9;1008,9;1008,5;1433;24,8;22,7;25,4;24,8;23,7;22,7;90;88;88;213;4,9;2,3
12/01/2022;1500 UTC;0,2;1009;1009;1008,9;579;24,6;22,8;24,8;24,3;22,9;22,4;90;88;90;221;4,2;1,9
12/01/2022;1600 UTC;0;1009;1009,1;1009;917,8;25,1;23,2;25,4;24,4;23,5;22,5;90;89;90;246;5;2,4
12/01/2022;1700 UTC;0;1008,5;1009;1008,5;1681,2;26,2;23,5;26,2;24,8;23,8;23;90;85;85;259;6,3;3,2
12/01/2022;1800 UTC;0;1008,1;1008,5;1008,1;3003,2;26,7;23,4;27,1;26,1;24;23,2;85;82;82;254;6,1;2,6
12/01/2022;1900 UTC;0;1008;1008,2;1007,9;1895,4;26,2;23,3;27,1;26;24;23;86;81;84;245;5;1,7
12/01/2022;2000 UTC;0;1008,2;1008,3;1007,9;1074,3;26;23;26,4;25,6;23,8;22,5;87;83;84;240;3,8;1,5
12/01/2022;2100 UTC;0;1008,4;1008,4;1008,2;271,8;24,8;22,3;26;24,8;23;22,2;86;83;86;270;3,5;1,6
12/01/2022;2200 UTC;0;1008,9;1008,9;1008,3;21,4;24,7;22,2;24,9;24,6;22,4;22,1;86;85;86;263;3,1;1,6
12/01/2022;2300 UTC;0;1009,7;1009,7;1008,9;;24,8;22,5;24,8;24,7;22,5;22,1;87;86;87;287;3;1,3
13/01/2022;0000 UTC;0;1010,3;1010,4;1009,7;;24,6;22,5;24,8;24,6;22,6;22,3;88;87;88;279;2,9;1,1
13/01/2022;0100 UTC;0;1010,6;1010,7;1010,3;;24,4;22,6;24,7;24,4;22,7;22,5;90;88;90;280;2,9;1,5
13/01/2022;0200 UTC;0;1010,8;1010,9;1010,5;;24,3;22,5;24,4;24,3;22,7;22,4;90;89;90;276;2,9;1,6
13/01/2022;0300 UTC;0;1010,6;1011;1010,6;;24,3;22,5;24,5;24,2;22,7;22,4;90;89;90;281;3,9;1,5
13/01/2022;0400 UTC;0;1010,2;1010,6;1010,2;;24,3;22,5;24,3;24,2;22,5;22,5;90;90;90;271;3,6;1,8
13/01/2022;0500 UTC;0;1010,2;1010,2;1010;;24,2;22,4;24,3;24;22,5;22,3;90;90;90;303;3,5;0,7
13/01/2022;0600 UTC;0;1009,4;1010,2;1009,4;;24,1;22,5;24,3;24;22,5;22,4;91;90;91;53;2,4;0,9
13/01/2022;0700 UTC;0;1009,5;1009,7;1009,4;;24,1;22,5;24,2;24;22,7;22,5;92;91;91;121;3,6;0,9
13/01/2022;0800 UTC;0;1009,7;1009,7;1009,2;;23,9;22,5;24,2;23,9;22,6;22,5;92;91;92;310;3,6;1,5
13/01/2022;0900 UTC;0;1010,6;1010,6;1009,7;48,9;24;22,7;24,1;23,8;22,7;22,5;92;92;92;245;3,1;1
13/01/2022;1000 UTC;0;1011,5;1011,5;1010,6;596,4;25,1;23,3;25,1;24;23,3;22,7;93;90;90;265;2,9;1,6
13/01/2022;1100 UTC;0;1012,3;1012,3;1011,5;713,9;25,3;23,6;25,4;24,8;23,6;23;91;89;90;243;2,8;1,1
13/01/2022;1200 UTC;0;1012,9;1012,9;1012,3;1910,9;27,3;24,6;27,6;25,3;25,2;23,2;90;83;85;153;2,7;1,8
13/01/2022;1300 UTC;0;1012,9;1013;1012,8;3097,4;29;24,1;30,1;27,4;25,8;23,7;86;72;75;129;3,1;2,2
13/01/2022;1400 UTC;0;1012,9;1013,1;1012,8;3801,5;29,7;25,1;29,9;28;25,5;22,9;79;72;77;129;3,3;2,6
13/01/2022;1500 UTC;0;1012,6;1012,9;1012,6;4035,1;30,5;24,8;31,1;28,8;26,4;23,9;78;71;72;133;3,8;3,1
13/01/2022;1600 UTC;0;1012,6;1012,7;1012,5;3818,2;29,1;23,8;30,9;29,1;25,7;23,7;75;71;73;144;4;3
13/01/2022;1700 UTC;0;1012,3;1012,7;1012,3;2701,5;28,6;24,4;29,5;28,4;25;23,4;78;73;78;150;3,7;3
13/01/2022;1800 UTC;0;1012,6;1012,6;1012,2;2346,1;27,6;23,9;29,5;27,5;25,2;23,5;80;75;80;160;4,2;2,9
13/01/2022;1900 UTC;0;1012,7;1012,9;1012,6;782,2;26,8;23,6;27,8;26,7;24,1;23,4;83;80;83;172;3,9;2,6
13/01/2022;2000 UTC;0;1012,6;1012,7;1012,2;874,1;26,3;23,4;27,3;26,3;24,1;23,3;84;82;84;169;5,8;3,8
13/01/2022;2100 UTC;0;1013,1;1013,1;1012,6;170,6;26;23,2;26,4;26;23,7;23,1;86;84;84;161;5,5;3,8
13/01/2022;2200 UTC;0;1013,7;1013,8;1013,1;33,4;25,7;23,1;26;25,6;23,2;23;86;84;85;185;4,9;2,7
13/01/2022;2300 UTC;0;1014,3;1014,3;1013,7;;25,9;23,5;25,9;25,7;23,5;23,1;87;85;87;199;3,6;0,8
14/01/2022;0000 UTC;0;1014,6;1014,6;1014,2;;25,8;23,9;26;25,8;23,9;23,5;89;87;89;171;3,5;2
14/01/2022;0100 UTC;0;1015,1;1015,1;1014,6;;25,4;23,8;25,9;25,4;24,1;23,8;91;89;91;92;3,8;2,6
14/01/2022;0200 UTC;0;1014,9;1015,2;1014,9;;25,7;24;25,7;25,4;24;23,7;91;90;91;69;3,3;1,4
14/01/2022;0300 UTC;0;1014,4;1014,9;1014,3;;25,6;23,6;25,7;25,6;24;23,6;91;89;89;30;2,7;0,5
14/01/2022;0400 UTC;0;1013,7;1014,4;1013,7;;25,8;23,5;25,8;25,5;23,7;23,5;89;87;87;155;2,3;0,6
14/01/2022;0500 UTC;0;1013,4;1013,7;1013,4;;25,8;22,9;25,9;25,7;23,5;22,9;87;84;84;95;2,4;0,7
14/01/2022;0600 UTC;0;1013,3;1013,4;1013,2;;25,1;23,1;25,8;25,1;23,2;22,8;89;84;89;306;1,9;0,9
14/01/2022;0700 UTC;0;1012,9;1013,3;1012,9;;25;23,2;25,1;24,9;23,2;23;90;89;90;297;2,5;1,1
14/01/2022;0800 UTC;0;1013,2;1013,2;1012,9;;24,5;22,9;25,1;24,5;23,3;22,8;91;89;91;51;1,9;0,6
14/01/2022;0900 UTC;0;1013,9;1013,9;1013,2;84,2;26,2;24,3;26,2;24,3;24,3;22,7;91;89;89;103;2,4;0,7
14/01/2022;1000 UTC;0;1014,6;1014,6;1013,9;704,6;27,3;23,8;27,5;26,2;24,9;22,7;89;78;81;113;2,7;1,9
14/01/2022;1100 UTC;0;1015,3;1015,4;1014,6;1604,4;29,3;25,1;29,3;26,9;25,3;23;82;78;78;129;3,4;2,8
14/01/2022;1200 UTC;0;1015,9;1015,9;1015,3;2467,9;28,5;24;30;28,1;25,3;23,5;79;73;77;112;3,6;1,9
14/01/2022;1300 UTC;0;1016,2;1016,2;1015,9;3116,1;30;24,8;30,1;28,2;25,4;23,6;78;73;74;149;3,6;2,8
14/01/2022;1400 UTC;0;1015,9;1016,2;1015,9;3621,7;31,8;25,2;31,9;30;25,7;24,5;74;68;68;136;3,6;2,5
14/01/2022;1500 UTC;0;1015,6;1016;1015,6;3873,7;31,5;25,2;32;30,9;25,5;24,4;71;67;69;138;3,8;3
14/01/2022;1600 UTC;0;1015,1;1015,6;1015,1;3916,9;30,5;24,2;31,6;30,4;25,4;23,6;70;66;69;141;3,9;2,1
14/01/2022;1700 UTC;0;1014,4;1015,1;1014,4;3216,3;29,3;23,7;31,7;29,2;25,5;23,3;73;66;72;164;3,6;2,5
14/01/2022;1800 UTC;0;1014,1;1014,4;1014,1;2978,1;29;23,8;30;28,9;24,5;23,5;74;70;74;162;4,1;3,3
14/01/2022;1900 UTC;0;1013,7;1014,1;1013,7;2281,4;28,2;23,9;29,2;28,1;24,2;23,5;78;73;78;141;4,6;3,8
14/01/2022;2000 UTC;0;1014;1014;1013,6;1192,8;27,5;23,8;28,3;27,5;24,1;23,8;81;78;81;141;5,1;3,9
14/01/2022;2100 UTC;0;1014,3;1014,3;1014;166,5;26,8;23,6;27,5;26,8;24;23,6;83;81;83;134;5,8;4,1
14/01/2022;2200 UTC;0;1014,4;1014,4;1014,3;40,5;26,2;23,6;26,8;26,2;23,6;23,4;86;83;86;139;5,6;4,1
14/01/2022;2300 UTC;0;1014,9;1014,9;1014,4;;26;23,9;26,2;26;24;23,6;88;86;88;102;5,1;2,3
15/01/2022;0000 UTC;0;1015,6;1015,6;1014,9;;25,7;23,8;26;25,7;24;23,8;90;88;90;129;3,6;2,8
15/01/2022;0100 UTC;0;1015,7;1015,9;1015,6;;25,7;23,7;25,8;25,6;23,9;23,6;90;89;89;94;3,7;2,8
15/01/2022;0200 UTC;0;1015,3;1015,8;1015,3;;25,4;23,7;25,7;25,4;23,8;23,6;90;89;90;77;3,7;1,1
15/01/2022;0300 UTC;0;1014,8;1015,3;1014,7;;25,3;23,6;25,5;25,2;23,8;23,5;91;90;91;101;3,1;1,3
15/01/2022;0400 UTC;0;1014,4;1014,8;1014,3;;24,9;23,4;25,3;24,8;23,6;23,3;92;91;92;139;2,3;0,9
15/01/2022;0500 UTC;0;1014,1;1014,4;1014;;24,9;23,5;24,9;24,7;23,6;23,4;92;92;92;137;2,2;0,8
15/01/2022;0600 UTC;0;1013,9;1014,1;1013,8;;24,9;23,7;25;24,8;23,8;23,5;93;92;93;137;3,3;2,4
15/01/2022;0700 UTC;0;1013,4;1013,9;1013,4;;24,7;23,4;24,9;24,6;23,7;23,3;93;92;92;127;5,4;3,9
15/01/2022;0800 UTC;0;1013,9;1013,9;1013,4;;24,8;23,4;24,8;24,6;23,5;23,3;92;92;92;110;5,7;3,6
15/01/2022;0900 UTC;0;1013,9;1014;1013,8;62,6;25;23,3;25;24,7;23,4;23,2;92;90;91;87;4,8;0,8
15/01/2022;1000 UTC;0;1013,5;1013,9;1013,5;387,2;26,4;23,4;26,4;25;23,7;23,4;91;84;84;64;2,5;1
15/01/2022;1100 UTC;0;1013,5;1013,5;1013,4;802,6;27,1;23,8;27,2;26,3;24;23;84;80;82;278;3,4;0,7
15/01/2022;1200 UTC;0;1013,9;1013,9;1013,5;1266,4;26,8;23,2;27,2;26,4;23,9;23;84;80;81;261;3,4;1,4
15/01/2022;1300 UTC;0;1014,4;1014,4;1013,9;1706,9;27,4;24;28;26,7;24,6;23,2;83;80;82;146;3,9;3
15/01/2022;1400 UTC;0;1014,2;1014,4;1014,2;1929,7;28,9;24,7;28,9;27,4;24,9;24;82;78;78;129;5,3;4,3
15/01/2022;1500 UTC;0;1013,7;1014,2;1013,7;1654,3;27,6;23,7;29,1;27;24,8;22,8;80;75;80;127;5,3;2,3
15/01/2022;1600 UTC;0;1013,1;1014,2;1013,1;1862,6;28,7;24;29,4;27,4;25,2;23,4;81;76;76;134;3,7;2,7
15/01/2022;1700 UTC;0;1012,5;1013,2;1012,5;1514,9;28,2;24,2;28,7;28,1;24,8;23,7;80;76;79;133;4,4;3,3
15/01/2022;1800 UTC;0;1012,3;1012,7;1012,3;1118;28,2;25,1;28,2;27,1;25,1;23,7;83;79;83;134;4,6;3,4
15/01/2022;1900 UTC;0;1011,6;1012,3;1011,6;1371,9;26,5;23,5;28,5;26,4;25,1;23,3;84;79;84;107;5;1,9
15/01/2022;2000 UTC;0;1011,1;1011,6;1011,1;888,9;26,4;23,3;26,7;26;23,8;22,8;84;83;83;108;2,9;1,8
15/01/2022;2100 UTC;0;1011,2;1011,2;1011;356;25,6;22,7;26,4;25,6;23,4;22,7;85;81;84;128;3,9;2,6
15/01/2022;2200 UTC;0;1011,4;1011,5;1011,2;60,4;24,8;22,6;25,6;24,8;22,9;22,5;88;84;87;88;4,8;2,1
15/01/2022;2300 UTC;0;1011,9;1011,9;1011,4;;24,6;22;25,3;24,6;22,7;22;87;84;85;126;4,7;3
16/01/2022;0000 UTC;0;1012,5;1012,5;1011,8;;24,4;22,8;24,6;24,4;22,8;22;91;85;91;120;5,5;2,3
16/01/2022;0100 UTC;0;1013;1013;1012,5;;24,4;23;24,4;24,3;23;22,8;92;91;92;82;3,8;1,8
16/01/2022;0200 UTC;0;1012,7;1013;1012,7;;24,5;22,9;24,6;24,4;23,1;22,9;92;91;91;87;2,3;1,5
16/01/2022;0300 UTC;0;1012;1012,8;1012;;24,4;22,9;24,5;24,3;23;22,8;92;91;92;86;2,6;1,7
16/01/2022;0400 UTC;0;1011,2;1012;1011,2;;23,8;22,4;24,5;23,8;23,1;22,4;92;92;92;119;4,5;3,1
16/01/2022;0500 UTC;0;1010,8;1011,2;1010,7;;23,8;22,4;23,9;23,7;22,6;22,4;93;92;92;69;4,5;1,6
16/01/2022;0600 UTC;0;1010,5;1011,1;1010;;24,4;22,3;24,4;23,8;22,6;22,3;92;88;88;96;3,5;1,7
16/01/2022;0700 UTC;0;1010,1;1010,5;1010,1;;24,4;21,9;24,8;24,3;22,4;21,8;88;85;86;116;4,1;1,2
16/01/2022;0800 UTC;0;1010,4;1010,4;1010;;23,8;22;24,4;23,7;22;21,8;90;86;90;90;6,1;4
16/01/2022;0900 UTC;0;1010,6;1010,7;1010,4;67,1;24,5;22,6;24,5;23,8;22,7;22;90;89;89;103;6,1;1,3
16/01/2022;1000 UTC;0;1010,8;1010,9;1010,6;319,5;25;22,7;25;24,4;22,8;22,4;89;87;87;91;4,1;0,9
16/01/2022;1100 UTC;0;1010,8;1010,9;1010,6;722,6;25,7;22,8;25,8;25;23,1;22,6;87;84;84;103;4;2,6
16/01/2022;1200 UTC;0;1010,5;1010,8;1010,4;1722,5;27,4;24,1;27,4;25,7;24,1;22,6;85;80;82;115;5;2,9
16/01/2022;1300 UTC;0;1010,7;1010,8;1010,4;1829,6;27,5;23,6;28;26,4;24,4;22,9;83;78;79;118;4,2;3
16/01/2022;1400 UTC;0;1010,5;1010,9;1010,5;2018,1;26,8;22,9;27,5;26,5;23,9;22,9;82;79;79;103;4,1;2,3
16/01/2022;1500 UTC;0;1010,2;1010,5;1010,2;1891,4;26,6;23,1;27,5;26,3;23,6;22,6;82;78;82;111;3,1;1,8
16/01/2022;1600 UTC;0;1009,4;1010,2;1009,4;3315,3;28,5;24,5;28,7;26,5;24,8;22,6;82;75;79;116;3,3;1,7
16/01/2022;1700 UTC;0;1008,5;1009,4;1008,5;2487,8;27,7;23,8;28,6;27,4;24,4;23,2;80;77;79;112;5,2;3,4
16/01/2022;1800 UTC;0;1007,8;1008,5;1007,8;2579,9;27,7;23,9;28;27,2;24,2;23,3;81;79;80;122;7,6;5,9
16/01/2022;1900 UTC;0;1006,9;1007,7;1006,9;2249,9;26,5;23,2;27,8;26,5;24;23,1;82;79;82;110;7,6;5,2
16/01/2022;2000 UTC;0;1006,6;1006,9;1006,3;931,7;25,4;22,7;26,5;25,4;23,2;22,6;85;82;85;104;9,6;5,3
16/01/2022;2100 UTC;0;1007,4;1007,4;1006,5;104,1;25,8;22,5;25,9;25,4;22,9;22,5;85;82;82;81;8,7;3,1
16/01/2022;2200 UTC;0;1008,2;1008,4;1007,4;18,1;25,7;22,4;25,9;25,5;22,6;22,2;83;81;82;75;7,7;1,2
16/01/2022;2300 UTC;5,4;1009,4;1009,5;1008,2;;22,8;20,8;26,1;22,8;22,7;20,5;88;77;88;146;7,5;1,5
17/01/2022;0000 UTC;0;1009,7;1009,9;1009,4;;24,7;21,8;24,7;22,6;22,4;20,8;91;84;84;56;4,4;1,9
17/01/2022;0100 UTC;0,2;1009,4;1010;1009,4;;24,6;20,4;25,3;24,5;21,8;20,2;84;75;77;48;4,4;1,4
17/01/2022;0200 UTC;0;1009,4;1009,6;1009,3;;24;20,6;24,7;24;20,7;20,2;81;76;81;67;6,5;2,8
17/01/2022;0300 UTC;0;1009,2;1009,4;1009;;24,1;20,7;24,2;23,8;20,7;20,4;82;81;81;81;6,5;2
17/01/2022;0400 UTC;0;1008,9;1009,2;1008,9;;24,6;21,1;24,6;24;21,1;20,7;82;81;81;10;4,6;1,5
17/01/2022;0500 UTC;0;1008,7;1009;1008,7;;24,7;21;24,8;24,4;21,1;20,9;81;80;80;27;3,4;1,1
17/01/2022;0600 UTC;0;1008,6;1008,7;1008,5;;23,4;21;24,7;23,4;21,1;20,8;87;80;87;295;2,5;1,6
17/01/2022;0700 UTC;0;1008,4;1008,7;1008,3;;24,6;21,1;25,2;23,4;21,7;21,1;88;80;81;53;3,4;1
17/01/2022;0800 UTC;0;1008,3;1008,5;1008,3;;23,1;21,4;24,6;23,1;21,5;20,6;90;81;90;296;3,7;1,1
17/01/2022;0900 UTC;0;1008,8;1008,9;1008,3;74,5;25,2;22,3;25,2;23,1;22,4;21,4;91;84;84;7;5,3;2,7
17/01/2022;1000 UTC;0;1008,8;1008,9;1008,7;666,9;26;21,9;26,1;25,2;22,4;21,4;84;78;78;60;5,5;2,3
17/01/2022;1100 UTC;0;1008,8;1008,8;1008,6;1602;27;22,7;27;25,9;22,7;21,7;79;76;78;102;5,5;2,8
17/01/2022;1200 UTC;0;1009,2;1009,2;1008,8;2418,5;28,1;22,2;28,4;27;23,2;22,2;78;70;71;104;5,8;2,3
17/01/2022;1300 UTC;0,2;1009,4;1009,4;1009,2;3130,4;27,5;22,9;28,6;27,3;24,1;22,4;79;70;76;113;6,1;2,6
17/01/2022;1400 UTC;0;1009;1009,4;1009;3632,3;27,1;22;28,5;26,3;23,5;21,8;78;71;74;110;4,1;2,4
17/01/2022;1500 UTC;0;1008,4;1009;1008,4;3871,5;27,8;23,4;28,4;26,8;24;22,1;80;74;77;96;4,6;2,5
17/01/2022;1600 UTC;0;1008,1;1008,4;1008,1;3899,3;28,4;23,6;28,4;26,7;24;22,7;81;75;75;102;5,1;2,9
17/01/2022;1700 UTC;0;1007,4;1008,1;1007,4;3608,3;29,2;23,1;29,6;28,2;24,2;22,8;75;70;70;99;5,1;2,1
17/01/2022;1800 UTC;0;1006,9;1007,4;1006,9;3094;27,6;23;29,8;27,5;24,3;22,6;76;70;76;80;6,7;3,7
17/01/2022;1900 UTC;0;1006,7;1006,9;1006,6;2386,4;26,9;22,8;28,1;26,9;23,3;22,6;78;75;78;84;7,2;3,4
17/01/2022;2000 UTC;0;1006,2;1006,7;1006,1;1343,1;26,5;22,3;27,3;26,3;23,2;22,1;79;76;78;67;8;4,3
17/01/2022;2100 UTC;0;1006,1;1006,2;1006,1;167,6;26,1;22;26,7;26,1;22,3;22;78;77;78;106;8;4,4
17/01/2022;2200 UTC;0;1006,1;1006,1;1006;44,4;26,8;22,1;27,5;25,9;22,8;22;79;75;75;164;6,6;1,3
17/01/2022;2300 UTC;0;1007,2;1007,2;1006,1;;25,7;22,4;26,8;25,5;22,4;21,6;82;75;82;82;4,5;2,7
18/01/2022;0000 UTC;0;1007,5;1007,5;1007,2;;25,1;22,3;25,8;25,1;22,4;22,1;84;82;84;88;3,9;1,9
18/01/2022;0100 UTC;0;1008;1008;1007,5;;25,1;23,1;25,2;24,4;23,1;22;89;84;89;85;4,6;2,1
18/01/2022;0200 UTC;0;1008,7;1008,7;1008;;25;22,1;26;25;23,5;21,9;89;82;84;252;3,2;1
18/01/2022;0300 UTC;0;1008,6;1008,7;1008,6;;24,5;21,8;26,4;24,4;23,1;21,5;85;80;85;267;2,9;0,9
18/01/2022;0400 UTC;0;1008,4;1008,6;1008,4;;25,1;22,2;25,7;24,5;23;21,9;88;83;84;271;2,6;1,6
18/01/2022;0500 UTC;0;1008,4;1008,5;1008,3;;23,9;22;25,1;23,9;22,7;21,9;89;84;89;298;2,5;1,2
18/01/2022;0600 UTC;0;1008,5;1008,5;1008,3;;24,1;22,2;24,2;23,7;22,3;21,9;91;89;89;74;3,7;2,2
18/01/2022;0700 UTC;0;1008,9;1008,9;1008,5;;24,2;22;24,5;24;22,4;21,9;89;87;88;74;4,1;2
18/01/2022;0800 UTC;0;1008,9;1009;1008,8;;25,4;21,8;25,4;24;22,1;21,8;88;81;81;45;5,7;1,3
18/01/2022;0900 UTC;0;1009,3;1009,3;1008,9;62,9;26,2;22;26,2;25,3;22;21,4;81;78;78;56;4,3;1,9
18/01/2022;1000 UTC;0;1009,9;1009,9;1009,3;632,5;27,6;22,1;27,6;26,2;22,1;21,6;78;71;72;86;4,4;1,4
18/01/2022;1100 UTC;0;1010,2;1010,2;1009,9;1548,1;28,7;22,6;28,8;27,5;22,8;21,7;72;68;70;331;3,7;0,7
18/01/2022;1200 UTC;0;1010,4;1010,4;1010,2;2392,5;28,1;22,5;30;28;23,7;22;72;66;72;267;3;1,5
18/01/2022;1300 UTC;0;1010,4;1010,4;1010,3;3115,9;28,4;22,3;29,2;28,1;23,4;22,3;72;68;70;259;2,5;1,4
18/01/2022;1400 UTC;0;1010,1;1010,5;1010,1;3627,9;28,7;23,4;29,7;28;24,7;22,4;76;70;73;104;3,8;2,5
18/01/2022;1500 UTC;0;1009,6;1010,1;1009,6;3905;28,6;23,6;29,6;28,6;24,3;23,2;75;71;74;99;5;3,3
18/01/2022;1600 UTC;0;1008,8;1009,6;1008,8;3930;28,6;23,4;29,3;27,9;24,1;22,7;76;71;73;72;5,6;2,6
18/01/2022;1700 UTC;0;1008,4;1008,8;1008,4;3671,5;27,3;22,6;28,8;27,1;23,6;22,3;78;72;76;87;7,9;4,7
18/01/2022;1800 UTC;0;1007,8;1008,5;1007,8;3140,1;27,1;22,3;27,6;26,8;22,9;22,2;77;75;75;95;9,2;5,5
18/01/2022;1900 UTC;0;1007,7;1008;1007,7;2410,3;26,7;22,6;27,1;26,3;22,6;22;78;75;78;96;9,2;4,3
18/01/2022;2000 UTC;0;1007,6;1007,7;1007,5;1323,2;26,7;22,5;27,5;26,7;23,1;22,3;79;76;78;96;8,3;2,3
18/01/2022;2100 UTC;0;1008;1008;1007,5;162,6;26,1;22;26,8;25,6;22,5;22;81;77;78;71;5,5;1,1
18/01/2022;2200 UTC;0;1008,6;1008,6;1008;42;24,7;21,6;26,1;24,7;22;21,6;83;78;83;164;3,3;1,2
18/01/2022;2300 UTC;0;1009,1;1009,1;1008,6;;25,3;22;25,3;24,3;22,2;21,5;85;82;82;166;3,1;0,8
19/01/2022;0000 UTC;0;1009,8;1009,8;1009,1;;24,4;21,5;25,3;24,4;22;21,4;84;81;84;122;3,5;1,6
19/01/2022;0100 UTC;0;1010,2;1010,2;1009,8;;24;21,5;24,4;23,9;21,7;21,2;86;84;86;106;3,1;1,4
19/01/2022;0200 UTC;0;1010,4;1010,5;1010,2;;23,2;21,5;24;23,1;21,7;21,4;91;86;91;107;3,1;1,7
19/01/2022;0300 UTC;0;1010,5;1010,5;1010,3;;23,1;21,9;23,2;22,8;21,9;21,4;93;91;93;89;4,7;3,4
19/01/2022;0400 UTC;0;1010,1;1010,5;1010;;22,8;21,5;23,2;22,8;21,9;21,5;93;92;92;90;5,9;2
19/01/2022;0500 UTC;0;1010;1010,2;1010;;22,2;21;22,8;22,1;21,6;21;93;92;93;96;3,6;1,7
19/01/2022;0600 UTC;0;1010,3;1010,3;1010;;22,2;21;23,3;22,1;22,2;20,9;94;92;93;96;3,1;1,7
19/01/2022;0700 UTC;0;1010,5;1010,7;1010,3;;23;21,9;23;22,2;22;21;94;93;94;79;3;1,7
19/01/2022;0800 UTC;0;1011;1011;1010,5;;23,1;21,7;23,6;22,9;22,4;21,5;94;92;92;70;2,9;0,7
19/01/2022;0900 UTC;0;1011,5;1011,5;1011;55,3;23,9;22,2;24,4;22,9;23;21,6;93;89;91;68;4,8;1,7
19/01/2022;1000 UTC;0;1011,7;1011,9;1011,5;608,3;26,8;23,1;26,9;23,9;23,8;22,3;91;80;80;60;5,3;1,7
19/01/2022;1100 UTC;0;1011,6;1011,7;1011,4;1573,2;28,2;22,7;28,7;26,8;23,6;22,7;81;72;72;82;5,3;1,9
19/01/2022;1200 UTC;0;1011,9;1011,9;1011,6;2408,4;26,2;20,9;29,4;26,2;23,7;20,4;74;66;72;127;4,7;2,5
19/01/2022;1300 UTC;0;1012,1;1012,2;1011,9;3121,7;25,5;21,1;27,7;25,5;23,1;20,9;79;71;77;110;5,5;2,5
19/01/2022;1400 UTC;0;1011,9;1012,2;1011,9;3610,4;28,1;22,9;28,1;25,6;23,1;21,6;79;72;73;91;4,7;2,4
19/01/2022;1500 UTC;0;1011,8;1012;1011,7;3864,3;27,6;21,9;29;27,6;23,3;21,9;73;70;71;128;4,2;1,5
19/01/2022;1600 UTC;0;1011,3;1011,8;1011,3;3858,6;27,2;21,7;28,8;26,8;23,5;21,2;76;70;72;153;2,8;1,2
19/01/2022;1700 UTC;0;1010,7;1011,3;1010,7;3613,8;28,5;23,2;28,5;27,2;23,5;21,8;75;70;73;111;4,1;2,1
19/01/2022;1800 UTC;0;1010,7;1011;1010,4;2957,2;26,1;21,5;29,3;26;24;21,2;77;70;76;182;5;1,4
19/01/2022;1900 UTC;0;1010,8;1011;1010,3;1004;25;21,2;27,1;25;22,7;21,2;80;75;80;104;4,6;2,4
19/01/2022;2000 UTC;0;1010,1;1010,8;1010,1;730,6;25,6;21,8;25,8;24,9;22,3;21,2;81;79;80;146;4,5;2,2
19/01/2022;2100 UTC;0;1010,2;1010,2;1009,8;354,1;24,1;21,1;25,7;24;22;20,9;83;79;83;135;3,8;1,3
19/01/2022;2200 UTC;0;1010,7;1010,7;1010,2;65,9;24,2;22;24,4;23,9;22;21,1;88;83;88;282;4,4;2,2
19/01/2022;2300 UTC;0;1011,4;1011,4;1010,7;;24,9;21,6;25,4;24,2;22,3;21,2;88;80;82;287;4,4;1,5
20/01/2022;0000 UTC;0;1012,2;1012,2;1011,4;;23,4;21,1;25,5;23,3;22,5;20,7;87;82;87;138;4;2
20/01/2022;0100 UTC;0;1012,6;1012,6;1012,2;;22,8;20,2;23,4;22,8;21,4;20,2;88;85;85;100;6,1;2,6
20/01/2022;0200 UTC;0;1012,3;1012,6;1012,3;;22,3;20,6;22,8;22,3;20,8;20,2;90;85;90;105;4,1;1,4
20/01/2022;0300 UTC;0;1012;1012,4;1012;;23;20,9;23,3;22,1;21,4;20,5;92;88;88;85;3,2;2,2
20/01/2022;0400 UTC;0;1011,8;1012;1011,7;;22,2;20,8;23;22,1;21;20,5;92;88;92;96;3,2;1,1
20/01/2022;0500 UTC;0;1011,2;1012;1011,2;;22,1;20,9;22,6;22,1;21,2;20,8;93;91;93;95;3,1;2,2
20/01/2022;0600 UTC;0;1011,2;1011,4;1011;;22,6;21,3;22,6;22,1;21,3;20,9;93;92;92;84;3,2;2,1
20/01/2022;0700 UTC;0;1011,1;1011,2;1011;;22,5;21,2;22,6;22,4;21,3;21;92;92;92;89;2,7;1,3
20/01/2022;0800 UTC;0;1011,3;1011,4;1011,1;;23,3;21,7;23,4;22,5;22;21,2;93;91;91;57;3,9;2,2
20/01/2022;0900 UTC;0;1011,5;1011,6;1011,3;59,8;23,2;21,7;23,3;22,6;21,8;21,2;92;90;91;59;4,3;2,5
20/01/2022;1000 UTC;0;1011,3;1011,5;1011,2;535,5;25,5;22,3;25,5;23,1;22,4;21,5;91;82;82;83;6,6;2,3
20/01/2022;1100 UTC;0;1011,5;1011,6;1011,3;1544,5;26,4;21,8;26,6;25,5;22,4;21,2;82;74;76;98;5,5;3,5
20/01/2022;1200 UTC;0;1011,5;1011,5;1011,4;2393;28,3;23;28,5;26,4;23,4;21,9;77;71;73;118;5,2;2,6
20/01/2022;1300 UTC;0;1011,5;1011,5;1011,4;3121,9;27,4;22,6;28,8;27;23,4;22;77;70;75;101;4,1;2,8
20/01/2022;1400 UTC;0;1011,5;1011,6;1011,4;3617,8;28,2;23,5;28,4;26,9;23,9;21,9;78;73;75;109;3,8;2
20/01/2022;1500 UTC;0;1011,2;1011,5;1011,2;3852,6;27,6;23,1;28,4;27;23,6;22,1;77;73;76;109;2,9;1,6
20/01/2022;1600 UTC;0;1010,7;1011,2;1010,7;3770,6;27,7;22,7;28,5;27,1;23,8;22,2;78;72;74;123;2,9;1,8
20/01/2022;1700 UTC;0;1010;1010,7;1010;3570,1;27,7;23;30,1;27,6;24,9;22,5;78;70;75;118;3,1;1,6
20/01/2022;1800 UTC;0;1009,8;1010;1009,7;3050,8;27,4;22,7;28,9;26,7;24;21,7;78;70;76;165;3,7;2,5
20/01/2022;1900 UTC;0;1009,6;1009,8;1009,6;2338,2;26;22,5;27,4;25,6;23,4;22;82;75;81;146;3,3;1,3
20/01/2022;2000 UTC;0;1009,1;1009,6;1009,1;1289;25,3;22,1;26;25,3;22,5;22;83;80;83;150;2,5;1,3
20/01/2022;2100 UTC;0;1009,2;1009,2;1009;295,1;25;21,9;25,4;25;22,2;21,9;83;82;83;168;2,2;1,2
20/01/2022;2200 UTC;0;1009,4;1009,6;1009,1;56,4;24,5;21,9;25;24,5;22;21,8;85;83;85;241;2,5;1
20/01/2022;2300 UTC;0;1009,7;1009,8;1009,4;;24,2;22,2;24,5;24,2;22,3;21,8;89;85;89;155;2,4;1,7
21/01/2022;0000 UTC;0;1010,1;1010,1;1009,7;;24,1;22,2;24,3;24;22,3;22,1;89;89;89;134;2,8;1,8
21/01/2022;0100 UTC;0;1010,5;1010,5;1010,1;;23,8;22;24,1;23,6;22,2;21,8;90;89;90;253;2,9;1,3
21/01/2022;0200 UTC;0;1010,3;1010,6;1010,3;;24,1;22,3;24,1;23,8;22,3;22,1;90;90;90;287;3;1,5
21/01/2022;0300 UTC;0;1010,1;1010,3;1010;;23,1;21,6;24,1;23,1;22,4;21,6;91;90;91;80;2,8;1,7
21/01/2022;0400 UTC;0;1009,7;1010,1;1009,7;;22,6;21,4;23,1;22,6;21,6;21,4;93;91;93;84;2,8;1,6
21/01/2022;0500 UTC;0;1009,3;1009,7;1009,3;;23,1;22;23,1;22,6;22;21,4;94;93;93;5;2,4;0,5
21/01/2022;0600 UTC;0;1008,8;1009,3;1008,8;;23,7;22,2;24;23,1;22,6;22;93;91;92;82;1,8;1,3
21/01/2022;0700 UTC;0;1008,5;1008,8;1008,4;;23,9;22,2;24,2;23,5;22,6;21,9;92;90;90;85;2,1;1
21/01/2022;0800 UTC;0;1008,8;1008,8;1008,5;;23,5;22,2;23,9;23,5;22,5;22,1;92;90;92;87;2,7;1,5
21/01/2022;0900 UTC;0;1009,6;1009,6;1008,8;44,8;23,4;22,3;23,5;23,3;22,3;22,1;93;92;93;80;3,3;1,8
21/01/2022;1000 UTC;0;1009,9;1009,9;1009,6;407,6;24,5;22,9;24,6;23,4;23,2;22,3;93;91;91;95;3,7;2,5
21/01/2022;1100 UTC;0;1010,3;1010,3;1009,9;990,7;25,8;23,5;26,2;24,4;24;22,8;91;86;87;108;3,8;2,8
21/01/2022;1200 UTC;0;1010,7;1010,7;1010,3;1889,9;28,4;24,2;28,9;25,8;25,5;23,5;88;76;78;132;4,9;2,4
21/01/2022;1300 UTC;0;1010,8;1010,9;1010,7;2995,7;29,7;23,7;30,7;27,7;25,1;23,1;79;69;70;131;4,5;3,4
21/01/2022;1400 UTC;0;1010,9;1010,9;1010,7;3561,2;30,3;24,3;30,6;28,1;25;23;77;69;71;131;4,7;3,5
21/01/2022;1500 UTC;0;1010,5;1010,9;1010,5;3804,9;30,2;24,6;30,3;28;24,8;22,8;76;69;72;134;4,7;2,5
21/01/2022;1600 UTC;0;1009,9;1010,5;1009,9;3809,8;30,3;24,1;30,5;29,6;24,5;23,5;73;69;70;133;4,8;3
21/01/2022;1700 UTC;0;1009,5;1009,9;1009,5;3518,4;29,3;23,2;30,6;29,3;24,5;23;70;67;70;126;5,9;4,4
21/01/2022;1800 UTC;0;1009,3;1009,5;1009,3;2521,9;27,3;22,9;29,7;26,4;23,7;21,8;78;69;77;114;6,4;3,8
21/01/2022;1900 UTC;0;1008,9;1009,3;1008,9;2340,5;26,5;22,2;27,9;26,5;23,2;22;77;74;77;117;5,9;4
21/01/2022;2000 UTC;0;1008,7;1009;1008,7;1346;25,3;22,1;26,5;25,3;22,4;21,9;83;77;82;127;5,3;2,1
21/01/2022;2100 UTC;0;1008,7;1008,8;1008,6;197,4;24,8;21,9;25,4;24,7;22,2;21,6;84;82;84;96;4,4;1,6
21/01/2022;2200 UTC;0;1009,1;1009,2;1008,7;52,1;24,2;21,6;24,8;24,1;21,9;21,5;87;84;85;90;8,1;2,4
21/01/2022;2300 UTC;0;1009,8;1009,8;1009,1;;23,9;21,3;24,4;23,8;21,6;21,2;86;84;86;85;8,1;1,7
22/01/2022;0000 UTC;0;1009,9;1010;1009,7;;23,8;21,1;24,1;23,8;21,4;21,1;86;85;85;105;9,4;3,1
22/01/2022;0100 UTC;0;1010,6;1010,6;1009,9;;23,6;21,2;23,9;23,6;21,3;21,1;87;85;86;117;7,4;5
22/01/2022;0200 UTC;0;1010,6;1010,7;1010,6;;23,2;21,4;23,7;23,2;21,6;21,3;90;86;90;121;8,3;2,9
22/01/2022;0300 UTC;0;1010;1010,7;1010;;22,9;21,3;23,2;22,8;21,5;21,3;91;90;91;113;6,2;3,5
22/01/2022;0400 UTC;0;1009,4;1010,1;1009,4;;22,6;21,1;22,9;22,6;21,4;21,1;92;91;92;91;5,3;1,4
22/01/2022;0500 UTC;0;1009,1;1009,5;1009,1;;22,5;21,2;23;22,5;21,6;21,1;92;92;92;112;3;1,8
22/01/2022;0600 UTC;0;1008,9;1009,2;1008,8;;22,4;21,2;22,5;22,4;21,3;21,2;93;92;93;85;3,3;1,6
22/01/2022;0700 UTC;0;1009,2;1009,2;1008,7;;22,2;21;23;22,2;21,7;21;93;92;93;95;2,5;1,8
22/01/2022;0800 UTC;0;1009,3;1009,4;1009,2;;22,3;21,2;22,3;22;21,2;20,9;93;93;93;102;3,5;1,5
22/01/2022;0900 UTC;0;1010;1010;1009,3;65,9;24;21,4;24;22,3;21,8;21,2;93;86;86;100;5,9;1,3
22/01/2022;1000 UTC;0;1010,4;1010,4;1010;407,8;24,7;21,1;24,9;23,9;21,8;20,8;85;81;81;69;4;2,1
22/01/2022;1100 UTC;0;1010,4;1010,6;1010,4;1564,5;25,4;21,2;26,1;24,7;21,9;21;81;76;78;107;4,1;2,7
22/01/2022;1200 UTC;0;1010,5;1010,6;1010,4;2422,7;26,7;22,1;27;25,3;22,4;21,2;79;74;76;129;3,7;2,1
22/01/2022;1300 UTC;0;1010,6;1010,6;1010,4;3150,6;29,9;23,4;30,1;26,6;24;21,6;76;68;68;145;4,9;3,2
22/01/2022;1400 UTC;0;1010,5;1010,6;1010,5;3605,3;28,1;22,4;30;27,3;23,6;21,6;74;68;71;100;4,6;2,7
22/01/2022;1500 UTC;0;1010,3;1010,5;1010,3;3940,3;27,5;21,8;29,2;27,1;23,3;21,1;73;68;71;122;3,8;2,5
22/01/2022;1600 UTC;0;1009,7;1010,3;1009,7;3932,3;27,3;22,3;28,3;26,5;23,1;21,2;77;71;74;110;4,4;2,8
22/01/2022;1700 UTC;0;1009,2;1009,7;1009,2;3641,2;27,2;22,1;28;26,7;22,9;21,5;76;71;74;98;5,7;3,8
22/01/2022;1800 UTC;0;1008,9;1009,2;1008,9;3115,6;26;21,3;27,3;26;22,3;21,3;76;73;75;100;6,3;3,5
22/01/2022;1900 UTC;0;1008,4;1008,9;1008,4;2403;24,9;20,7;26;24,8;21,7;20,6;79;75;77;58;6,1;1,7
22/01/2022;2000 UTC;0;1008,2;1008,4;1008,1;1298,5;24,4;20,6;25,2;24,4;21,2;20,4;80;77;79;81;6,1;1,4
22/01/2022;2100 UTC;0;1008,1;1008,2;1008;179,7;23,6;20,6;24,5;23,6;20,8;20,5;84;79;83;112;8;4,8
22/01/2022;2200 UTC;0;1008,3;1008,3;1008,1;43,4;23,1;20,3;23,6;23,1;20,6;20,2;85;83;84;61;8,6;1,9
22/01/2022;2300 UTC;0;1008,5;1008,5;1008,2;;22,4;20,1;23,1;22,4;20,3;20;87;84;87;85;5;2
23/01/2022;0000 UTC;0;1009,1;1009,1;1008,5;;22,7;20,6;22,7;22,4;20,7;20,1;89;87;88;88;6;3,2
23/01/2022;0100 UTC;0;1009,6;1009,6;1009,1;;22,5;20,7;22,8;22,5;20,7;20,5;90;88;90;91;6;2,7
23/01/2022;0200 UTC;0;1009,8;1009,8;1009,5;;22,2;20,7;22,5;22,2;21;20,7;91;90;91;99;4;2,5
23/01/2022;0300 UTC;0;1009,7;1009,9;1009,7;;21,8;20,5;22,2;21,8;20,7;20,5;92;91;92;81;5,3;1,9
23/01/2022;0400 UTC;0;1008,9;1009,7;1008,9;;21,6;20,4;22;21,6;20,7;20,4;93;92;93;86;3,6;1,9
23/01/2022;0500 UTC;0;1008,1;1008,9;1008,1;;21,7;20,6;21,8;21,4;20,7;20,3;94;93;93;96;3,1;1,6
23/01/2022;0600 UTC;0;1007,7;1008,1;1007,7;;23,9;21,2;24;21,7;22;20,6;94;85;85;98;4,7;1,3
23/01/2022;0700 UTC;0;1007,6;1007,8;1007,4;;23,6;20,4;24;23,6;21,2;20,3;85;81;82;89;5,4;1,6
23/01/2022;0800 UTC;0;1008;1008;1007,6;;23,4;20,3;23,8;23,3;20,6;20,2;83;82;82;174;3,9;0,7
23/01/2022;0900 UTC;0;1008,1;1008,3;1008;51,8;24,2;20,7;24,2;23,3;20,7;20,2;83;81;81;62;4,2;1,3
23/01/2022;1000 UTC;0;1008,8;1008,9;1008,1;488,2;25,1;21;25,2;24,2;21,3;20,5;81;76;78;56;4,7;1,3
23/01/2022;1100 UTC;0;1009,3;1009,3;1008,8;1441;26,7;21;26,8;25,1;21,4;20,4;78;70;71;99;4,7;2,9
23/01/2022;1200 UTC;0;1009,3;1009,4;1009,3;2296,1;25,6;20,8;26,9;25,6;21,7;20,4;75;70;75;100;4,7;1,7
23/01/2022;1300 UTC;0;1009,3;1009,4;1009,2;3076,9;27;21,7;27,2;25;21,9;20,3;78;72;73;105;4,7;3,1
23/01/2022;1400 UTC;0;1009,2;1009,4;1009,2;3630,7;27,3;20,9;27,4;25,9;22,1;19,9;73;66;68;106;6,3;3,5
23/01/2022;1500 UTC;0;1008,9;1009,2;1008,9;3921,4;27,1;20,6;27,7;26,9;21,2;20,4;69;66;68;98;6,1;2,8
23/01/2022;1600 UTC;0;1008,5;1009;1008,5;3883,2;27,2;21;27,6;26,7;21,5;20,2;71;67;69;111;5;2,2
23/01/2022;1700 UTC;0;1008,2;1008,6;1008,2;3578,5;25,7;20,6;28;25,7;22,3;20,2;74;69;73;88;4,9;1,9
23/01/2022;1800 UTC;0;1008;1008,4;1007,9;3098,8;25,3;20,8;26,5;25,1;21,6;20,4;77;73;76;83;7,3;2,5
23/01/2022;1900 UTC;0;1007,1;1008;1007,1;2427,9;24,7;20,4;25,3;24,4;20,8;20,1;78;75;77;114;8,3;5,3
23/01/2022;2000 UTC;0;1007;1007,1;1006,9;1258,3;24,1;19,8;24,7;23,7;20,3;19,7;79;76;77;46;8;1,6
23/01/2022;2100 UTC;0;1006,8;1007,2;1006,7;179,7;23,3;19,5;24,4;23,3;20;19,5;80;76;79;108;10,7;6,1
23/01/2022;2200 UTC;0;1006,9;1006,9;1006,8;47,9;22,6;19,3;23,5;22,5;19,7;19,2;82;79;82;103;10,6;2,2
23/01/2022;2300 UTC;0;1007,6;1007,6;1006,9;;22,2;19,2;22,7;22,1;19,5;19,1;84;82;84;100;4,2;2,7
24/01/2022;0000 UTC;0;1007,9;1008;1007,6;;22,4;19,8;22,5;22;19,8;19,2;85;84;85;86;4;2,8
24/01/2022;0100 UTC;0;1008,1;1008,4;1007,9;;22,4;20,1;22,8;22;20,7;19,6;89;85;87;86;4,4;2,6
24/01/2022;0200 UTC;0;1008,1;1008,4;1008,1;;22,1;20,4;22,4;21,8;20,4;20,1;90;87;90;80;4,5;2,2
24/01/2022;0300 UTC;0;1007,9;1008,1;1007,9;;23,3;20,4;24;22,1;21,4;20,3;90;83;84;77;3,8;1,9
24/01/2022;0400 UTC;0;1007,7;1007,9;1007,7;;23;20,6;24,3;22,6;21;19,8;86;81;86;91;4,2;2,1
24/01/2022;0500 UTC;0;1007,3;1007,7;1007,1;;24,6;20,3;24,7;22,9;21,2;20,2;86;77;77;90;4,7;1,5
24/01/2022;0600 UTC;0;1007,3;1007,3;1007;;22,7;19,4;24,9;22,7;20,3;19,2;82;75;82;90;4,6;1,9
24/01/2022;0700 UTC;0;1006,9;1007,3;1006,9;;23,1;19,9;23,3;22,4;20,3;19,4;85;82;82;70;3,8;1,4
24/01/2022;0800 UTC;0;1007,3;1007,3;1006,9;;24,2;19,6;24,3;23,1;20,3;19,5;82;75;75;22;4,4;1
24/01/2022;0900 UTC;0;1007,6;1007,6;1007,3;37,6;24;19,7;24,8;23,3;20,3;19,4;80;75;77;81;4,6;2,9
24/01/2022;1000 UTC;0;1008,1;1008,1;1007,6;417,5;26,1;20,6;26,1;23,9;20,6;19,7;77;71;71;90;5,3;1,1
24/01/2022;1100 UTC;0;1008;1008,2;1007,9;1480,4;27,7;20,5;27,7;26,1;21,1;20;71;65;65;49;4,6;1
24/01/2022;1200 UTC;0;1008,3;1008,3;1008;2306,4;27,7;21,3;28,2;26,7;21,4;19,8;69;63;68;116;5,7;3,9
24/01/2022;1300 UTC;0;1008,6;1008,6;1008,3;3031,5;26,2;20,9;27,7;25,1;21,5;19,6;75;66;73;102;5,4;2,6
24/01/2022;1400 UTC;0;1008,6;1008,6;1008,5;3545,4;27,9;21,2;27,9;25,8;21,3;20,2;73;67;67;93;5;2,9
24/01/2022;1500 UTC;0;1008,1;1008,6;1008,1;3842,9;28,1;20,9;28,6;27,6;21,8;20,7;68;64;65;92;5,2;2
24/01/2022;1600 UTC;0;1007,6;1008,1;1007,6;3887,4;27;20,8;28,1;26,8;21,4;20,2;70;65;69;102;6;3,5
24/01/2022;1700 UTC;0;1007;1007,6;1007;3653,6;26,4;20,7;27,1;25,5;21,5;20,2;74;69;71;95;8,1;2,2
24/01/2022;1800 UTC;0;1007;1007,2;1007;3154,9;24,7;19,7;26,3;24,5;20,8;19,6;75;71;73;97;8,5;5,1
24/01/2022;1900 UTC;0;1006,3;1007;1006,3;2424,9;25,3;20,2;25,3;24,4;20,4;19,4;76;72;73;103;10,1;5,6
24/01/2022;2000 UTC;0;1006;1006,4;1006;1277,2;24,1;19,8;25,4;24;20,3;19,6;77;73;77;122;10,7;1,2
24/01/2022;2100 UTC;0;1005,7;1006,1;1005,7;202,8;24;19;24,9;23,6;20;18,9;78;73;74;92;9,8;5,5
24/01/2022;2200 UTC;0;1006;1006,1;1005,7;69,5;23,7;19,4;24;23,1;19,7;19;79;74;77;92;9,8;1,9
24/01/2022;2300 UTC;0;1006,6;1006,6;1006;;22,4;18,8;24,1;22,4;19,9;18,8;80;76;80;89;4;2,6
25/01/2022;0000 UTC;0;1006,9;1006,9;1006,6;;22;18,7;22,4;21,8;19;18,6;83;80;82;79;5;2,4
25/01/2022;0100 UTC;0;1007,2;1007,2;1006,9;;21,8;19,3;22,3;21,4;19,7;18,5;87;82;86;84;3,9;2,3
25/01/2022;0200 UTC;0;1007,3;1007,3;1007,2;;23,2;19,2;25;21,8;20,9;18,5;87;74;79;93;4;1,3
25/01/2022;0300 UTC;0;1007,3;1007,4;1007,2;;23,7;20,9;23,7;22,2;20,9;19;86;79;84;55;4;1,7
25/01/2022;0400 UTC;0;1007,2;1007,3;1007,2;;22,3;19,4;23,9;22,1;20,9;18,9;86;81;84;82;3,2;1,4
25/01/2022;0500 UTC;0;1007;1007,2;1006,9;;23,7;19,9;24;22,2;20,9;19,1;86;79;79;66;3,8;1,3
25/01/2022;0600 UTC;0;1006,8;1007;1006,7;;24,5;19,8;24,5;22,4;20,4;18,7;83;75;75;40;4,9;0,7
25/01/2022;0700 UTC;0;1006,9;1006,9;1006,6;;24,7;19,5;24,9;24,5;19,9;19,4;75;72;73;61;4,2;1,8
25/01/2022;0800 UTC;0;1007,5;1007,5;1006,9;;22,8;19;24,7;22,7;19,6;18,6;80;73;80;22;3,6;0,5
25/01/2022;0900 UTC;0;1008,1;1008,1;1007,5;48,7;24,9;20;24,9;22,8;20,1;19,2;81;74;74;65;4,1;1,8
25/01/2022;1000 UTC;0;1008,1;1008,2;1008,1;408,1;26,2;19,8;26,4;24,9;20,3;19,8;74;68;68;89;4,3;1,7
25/01/2022;1100 UTC;0;1008,5;1008,5;1008,1;1504,1;25,9;19,6;27,2;25,4;20,3;19,1;70;64;68;95;4,5;2,4
25/01/2022;1200 UTC;0;1008,9;1008,9;1008,5;2388,7;25,7;20,1;26,1;23,4;20,8;18,8;78;68;71;94;4,5;2,7
25/01/2022;1300 UTC;0;1008,9;1009;1008,9;3114,4;26,6;20,1;26,6;25,2;20,4;19,4;72;66;68;97;5;3,1
25/01/2022;1400 UTC;0;1008,2;1008,9;1008,2;3634,1;27;20,6;27,7;26,5;20,6;19,3;68;62;68;100;5,4;3,5
25/01/2022;1500 UTC;0;1007,7;1008,2;1007,7;3892,9;27,2;19,6;27,4;26;20,6;19,2;69;62;63;85;5,7;2,5
25/01/2022;1600 UTC;0;1007,3;1007,7;1007,3;3891,4;26,8;20;27,8;26,2;20,3;19,4;68;62;67;100;6,3;3,1
25/01/2022;1700 UTC;0;1007;1007,4;1006,9;3602,8;25,8;19,6;27,1;25,6;20,3;18,8;69;64;69;97;6,5;4,1
25/01/2022;1800 UTC;0;1006,5;1007;1006,5;3092,1;25,3;19,9;26;24,7;20,4;19,2;74;68;72;64;7;2,8
25/01/2022;1900 UTC;0;1006,4;1006,6;1006,4;2367,6;24;19,5;25,5;23,9;20,1;19,2;77;71;76;77;6,3;3,7
25/01/2022;2000 UTC;0;1005,9;1006,4;1005,9;1260,6;22,9;19,3;24;22,9;19,6;19,2;80;76;80;121;11,1;7,6
25/01/2022;2100 UTC;0;1006,3;1006,3;1005,9;207,6;22,7;18,8;23,1;22,5;19,5;18,8;82;79;79;49;11,1;3,3
25/01/2022;2200 UTC;0;1006,7;1006,7;1006,2;54,6;22,6;18,8;22,9;22,1;19,5;18,5;82;78;79;96;10,5;6,3
25/01/2022;2300 UTC;0;1007,1;1007,2;1006,6;;21,7;18,3;22,8;21,7;19,5;18,2;82;79;81;95;10,5;2,2
26/01/2022;0000 UTC;0;1007,7;1007,7;1007,1;;20,9;18,3;21,7;20,9;18,5;18;85;81;85;86;5,7;2,7
26/01/2022;0100 UTC;0;1008;1008;1007,7;;22,6;19,9;22,6;20,9;19,9;18,3;86;83;85;75;5,5;2,5
26/01/2022;0200 UTC;0;1008,1;1008,2;1007,9;;21,6;19,1;23,4;21;20,5;18,1;87;79;85;86;5,1;2,5
26/01/2022;0300 UTC;0;1007,7;1008,1;1007,7;;21,3;19,4;22,4;21,1;20,2;18,6;89;84;89;91;4,7;1,7
26/01/2022;0400 UTC;0;1007,5;1007,8;1007,5;;21,4;19,8;21,4;20,6;19,8;19;91;88;90;65;3,9;1,9
26/01/2022;0500 UTC;0;1007,5;1007,6;1007,4;;20,9;19,3;21,6;20,9;19,9;19,3;91;90;91;86;3,7;1,6
26/01/2022;0600 UTC;0;1006,9;1007,5;1006,9;;23,8;21,2;23,8;20,9;21,5;19,3;92;85;85;52;5;1,7
26/01/2022;0700 UTC;0;1006,5;1006,9;1006,5;;23,9;20,7;24,2;23,7;21,2;20,6;85;82;82;69;4,4;2
26/01/2022;0800 UTC;0;1007;1007;1006,5;;21,6;19,8;23,9;21,5;20,7;19,1;90;82;90;94;4,8;2,8
26/01/2022;0900 UTC;0;1007,5;1007,5;1007;65,6;22,7;20,9;22,7;21,6;20,9;19,8;91;89;89;68;4,8;2,1
26/01/2022;1000 UTC;0;1007,8;1008;1007,5;455,8;25,9;21,7;25,9;22,7;22,1;20,9;89;78;78;7;3,6;1,7
26/01/2022;1100 UTC;0;1007,8;1008;1007,7;1345,9;27,5;21,7;27,5;24,6;22,3;19,7;79;71;71;121;3,6;0,9
26/01/2022;1200 UTC;0;1007,8;1008;1007,8;2202,4;25,5;20,5;27,9;25,1;21,8;19,8;75;66;74;100;6;1,9
26/01/2022;1300 UTC;0;1007,3;1007,9;1007,3;3067,5;27,1;21;27,2;25,2;21,5;20,3;75;69;70;97;5,3;2,9
26/01/2022;1400 UTC;0;1006,8;1007,3;1006,7;3529,1;27;21,6;27;24,8;21,6;19,3;76;69;72;98;5,7;3,5
26/01/2022;1500 UTC;0;1006,2;1006,8;1006,2;3707,4;26,7;21,2;27,7;26,1;21,8;20,1;73;67;72;97;6,6;3,5
26/01/2022;1600 UTC;0;1005,7;1006,3;1005,7;3822,2;26,5;21;26,8;25,9;21,7;20,7;75;71;72;89;7,7;4,2
26/01/2022;1700 UTC;0;1004,9;1005,7;1004,9;3487,6;26,7;21,2;27;26,1;21,4;20,6;73;70;72;95;7,4;3,8
26/01/2022;1800 UTC;0;1004,2;1005;1004,2;3055,6;25,7;20,6;26,7;25,2;21,2;20,4;76;71;73;99;9,4;5,5
26/01/2022;1900 UTC;0;1003,3;1004,2;1003,3;2251,4;26;20,6;26,4;25,2;21,1;20;75;71;72;55;7,6;2
26/01/2022;2000 UTC;0;1003,2;1003,3;1003,1;1157,1;25,4;20,2;26,1;25,4;20,7;20;73;71;73;73;7,1;3,7
26/01/2022;2100 UTC;0;1003,3;1003,4;1003,2;267,4;25,1;20,2;26,1;24,9;21;20;75;72;74;113;8,3;2
26/01/2022;2200 UTC;0;1003,2;1003,3;1003,2;52,6;25,5;20,9;25,5;23,6;21;19,6;80;74;76;93;3,8;0,9
26/01/2022;2300 UTC;0;1003,4;1003,4;1003,1;;29,2;21,7;29,2;25;21,7;19,9;76;64;64;14;1,8;0,9
27/01/2022;0000 UTC;0;1003,8;1003,8;1003,4;;29,6;21,6;29,8;26;22;19,2;71;59;62;64;3,2;1,8
27/01/2022;0100 UTC;0;1004,4;1004,4;1003,8;;29;20,8;29,6;29;21,5;20,7;62;61;61;57;3,6;1,2
27/01/2022;0200 UTC;0;1004,4;1004,5;1004,3;;28;21,1;29,5;26,5;21,1;19,2;68;59;66;14;3,6;1,4
27/01/2022;0300 UTC;0;1004,1;1004,6;1004,1;;28;19,8;28,9;26;21,3;19,6;70;61;61;124;2,9;1
27/01/2022;0400 UTC;0;1004;1004,2;1004;;29,1;17,8;30,4;27,3;20,2;17,7;64;47;51;151;3,5;1,1
27/01/2022;0500 UTC;0;1003,5;1004;1003,5;;28,9;18,6;29,5;24,9;19,6;17,7;70;51;54;51;4;1,5
27/01/2022;0600 UTC;0;1003,1;1003,5;1003;;30,1;17,5;30,3;28,7;18,5;17,3;54;46;47;2;7,5;2,5
27/01/2022;0700 UTC;0;1002,8;1003,1;1002,6;;29,9;17,6;30,1;29,4;17,8;17,4;49;47;48;358;10,8;3,1
27/01/2022;0800 UTC;0;1003,3;1003,3;1002,7;;29,4;17,9;30,1;29,3;17,9;17,3;50;47;50;6;13,9;2,6
27/01/2022;0900 UTC;0;1003,6;1003,7;1003,3;43,4;29,7;18;29,8;29,1;18;17,7;51;49;50;340;10,6;1,8
27/01/2022;1000 UTC;0;1003,7;1003,8;1003,5;458;30,8;17,7;30,8;29,5;18,2;17,6;50;46;46;339;8,2;1,7
27/01/2022;1100 UTC;0;1004,1;1004,2;1003,6;1322;31,7;18,5;32,3;30,7;19,4;17,4;48;43;46;168;8,3;1,9
27/01/2022;1200 UTC;0;1004,2;1004,2;1004;2180,6;33,1;19;33,1;31,5;20,5;17;50;39;43;176;5,6;1,7
27/01/2022;1300 UTC;0;1004;1004,3;1004;2996;35,2;17,4;35,2;33,2;19,8;16,1;45;33;35;335;8,4;1,3
27/01/2022;1400 UTC;0;1003,8;1004;1003,8;3469,9;36,2;18,1;36,2;35;18,8;16,6;38;32;34;62;5;1,2
27/01/2022;1500 UTC;0;1003,6;1003,8;1003,5;3746;36,8;17;36,8;35,8;18,3;16,1;35;30;31;32;7,1;1,2
27/01/2022;1600 UTC;0;1003,3;1003,6;1003,3;3791,3;28;19,2;36,8;27,7;20,7;16;62;31;59;157;6,6;3,3
27/01/2022;1700 UTC;0;1002,8;1003,3;1002,8;3489,2;28,9;19,6;30,9;28,1;20,2;18,4;60;49;57;121;5,5;1,2
27/01/2022;1800 UTC;0;1002,5;1002,8;1002,5;2972,2;29,4;19,8;29,9;28;21;19,2;63;54;57;82;4,7;2,2
27/01/2022;1900 UTC;0;1001,9;1002,4;1001,9;2263;29,1;20,2;29,7;28,8;20,6;19,3;61;55;59;83;4,5;2,1
27/01/2022;2000 UTC;0;1001,8;1002;1001,7;1066,3;27,3;19,6;29,1;27,3;20,7;19,6;63;59;63;54;5,4;3
27/01/2022;2100 UTC;0;1002,1;1002,1;1001,8;208;27,7;20;27,7;26,3;20,1;19,4;67;63;63;90;5,4;2,7
27/01/2022;2200 UTC;0;1002,1;1002,2;1002,1;43,2;25,5;19,7;27,7;25,4;19,9;19,4;71;63;71;111;5,1;0,9
27/01/2022;2300 UTC;0;1002,8;1002,9;1002,1;;25,4;20;25,6;25,1;20,1;19,6;72;71;72;128;2,2;0,9
28/01/2022;0000 UTC;0;1003,2;1003,2;1002,8;;25,8;20;26,2;25;20,5;19,7;73;70;70;71;2,6;1,3
28/01/2022;0100 UTC;0;1003,8;1003,8;1003,2;;23,7;19,7;26,7;23,7;20,9;19,3;78;69;78;118;2,5;1,5
28/01/2022;0200 UTC;0;1003,5;1003,8;1003,5;;27,1;20,9;27,1;23,7;21,2;19,8;80;69;69;52;3,1;0,8
28/01/2022;0300 UTC;0;1003,3;1003,5;1003,3;;29,7;19,2;30,6;27,1;21,2;19,2;69;51;53;61;3,5;1,1
28/01/2022;0400 UTC;0;1003;1003,3;1002,8;;24,5;18,8;29,8;24,5;20,3;18,7;71;53;71;284;5,5;2,9
28/01/2022;0500 UTC;0;1002,8;1003;1002,6;;22,2;19,2;24,5;22,2;20,7;18,8;85;71;83;280;10,8;3,3
28/01/2022;0600 UTC;0;1002,6;1002,8;1002,5;;24;20,3;24,1;22,1;21;19,2;85;80;80;284;8,8;3,8
28/01/2022;0700 UTC;0;1002,8;1002,9;1002,6;;22,9;20,2;24,1;22,7;20,6;19,8;85;80;85;278;9,3;3,4
28/01/2022;0800 UTC;0;1003,2;1003,2;1002,8;;22,3;20,1;23;22,3;20,8;20;88;85;88;286;6,8;2,6
28/01/2022;0900 UTC;0;1003,6;1003,7;1003,2;38,7;22,7;20,2;23,2;21,7;21,2;19,9;91;86;86;281;6,4;2,9
28/01/2022;1000 UTC;0;1004,1;1004,1;1003,6;282,7;23,5;20,7;23,5;22,2;20,7;19,9;88;84;84;283;6,6;3,2
28/01/2022;1100 UTC;0;1004,5;1004,5;1004;1489,1;23,9;20,7;25,3;23,5;21,5;20,3;84;78;82;279;8,3;3,2
28/01/2022;1200 UTC;0;1004,6;1004,6;1004,5;2238,5;24,1;21,1;24,8;23,8;21,8;20,6;84;81;83;274;7,4;3,2
28/01/2022;1300 UTC;0;1004,8;1004,8;1004,5;3246,9;23,7;21,1;24,6;23,5;21,8;20,7;87;82;85;265;8,4;3,7
28/01/2022;1400 UTC;0;1004,8;1004,9;1004,7;2852,7;23,5;21,2;23,9;22,9;21,7;20,6;89;85;87;273;8,3;3,8
28/01/2022;1500 UTC;0;1004,4;1004,8;1004,4;3488,7;24,6;21,6;25,2;23,4;22,4;20,8;89;82;83;283;7,5;3,2
28/01/2022;1600 UTC;0;1003,9;1004,4;1003,9;3972,5;24,8;21,2;26;24,5;22,2;21,2;84;78;80;275;7,3;3,6
28/01/2022;1700 UTC;0;1003,2;1003,9;1003,1;3294,5;25,3;21,7;25,9;24,4;22,3;21,1;83;79;80;279;6,2;3,4
28/01/2022;1800 UTC;0;1003,2;1003,5;1003,2;2377,1;24,2;21,5;26;23,8;22,4;21;88;78;85;281;6,2;3,1
28/01/2022;1900 UTC;0;1003,4;1003,7;1002,9;928,6;24,6;22,8;25,1;23,8;23,2;21,3;90;85;90;286;5,9;1,7
28/01/2022;2000 UTC;0;1003,5;1003,7;1002,7;601,6;25,4;23,8;25,6;23,7;24,1;22;92;90;91;262;3,6;0,6
28/01/2022;2100 UTC;0;1003,8;1004,1;1003,3;209,6;25,6;23,8;25,6;24,9;23,8;23,1;91;90;90;95;2,4;1,3
28/01/2022;2200 UTC;0;1004,1;1004,1;1003,7;18,6;25,4;23,4;25,7;25,3;23,8;23,3;90;88;89;120;2,4;0,7
28/01/2022;2300 UTC;0,4;1004,8;1004,9;1004,1;;25;23,5;25,4;24,6;23,6;22,9;91;89;91;89;1,7;0,7
29/01/2022;0000 UTC;3,4;1005,3;1005,5;1004,7;;24,2;22,7;25,2;24,2;23,7;22,7;92;90;92;181;4,2;2,9
29/01/2022;0100 UTC;0,6;1005,5;1005,6;1005,1;;24,2;22,8;24,3;24;22,9;22,4;92;91;92;314;4;1
29/01/2022;0200 UTC;0;1005,5;1005,7;1005,4;;24,1;22,5;24,2;24;22,8;22,5;92;91;91;273;2,6;1
29/01/2022;0300 UTC;0;1004,5;1005,5;1004,5;;24,1;22,2;24,8;24,1;23;22,2;91;89;89;90;2,8;1,3
29/01/2022;0400 UTC;0;1003,8;1004,5;1003,8;;24,6;22,3;24,9;24,1;22,8;22,2;89;87;87;20;3,2;1,2
29/01/2022;0500 UTC;1,6;1004;1004,2;1003,7;;23,8;22,2;24,7;23,8;22,5;22,1;91;87;91;11;6,6;1,8
29/01/2022;0600 UTC;4,6;1003,5;1004;1003,3;;23,5;22,2;23,8;23,2;22,2;21,7;92;90;92;14;6,6;1,6
29/01/2022;0700 UTC;0;1003,1;1003,5;1002,8;;23,4;22,1;23,5;22,8;22,2;21,5;93;92;93;313;5,7;1,3
29/01/2022;0800 UTC;0;1003,3;1003,5;1002,9;;23,3;22,4;23,5;23,1;22,4;22,1;95;93;95;282;6,8;2,9
29/01/2022;0900 UTC;0;1003,6;1003,6;1003,2;12,8;23,6;22,6;23,6;23,2;22,7;22,3;95;94;94;67;6,8;1,4
29/01/2022;1000 UTC;0;1004,4;1004,4;1003,6;79,9;23,2;22,2;23,6;23,2;22,6;22,2;94;93;94;84;5;3,3
29/01/2022;1100 UTC;0;1004,4;1004,4;1004,2;236,4;23,2;22,2;23,2;22,8;22,2;21,9;95;94;94;67;6;2,6
29/01/2022;1200 UTC;0;1004,6;1004,6;1004,4;531,2;24,2;22,7;24,4;23,2;23;22,2;94;91;91;88;4,5;1,8
29/01/2022;1300 UTC;0;1004,4;1004,7;1004,4;1841,8;25,8;23,7;25,9;24,2;24,6;22,5;93;88;89;183;2,6;1,1
29/01/2022;1400 UTC;0,2;1004,8;1004,8;1004,4;3108,8;26,2;23,6;27,1;25,6;24,4;22,8;89;82;85;193;3,2;1,8
29/01/2022;1500 UTC;0;1004,5;1004,8;1004,5;2987,2;25,9;23,4;26,7;25,6;23,9;22,9;87;82;86;221;3,9;1,4
29/01/2022;1600 UTC;0;1004,9;1005;1004,5;2513,6;26,8;23,9;26,9;25,5;24,1;22,7;86;83;84;206;3,5;1,8
29/01/2022;1700 UTC;0;1004,3;1004,9;1004,3;2240,4;25,1;22,3;26,8;24,1;23,5;21,3;89;81;85;235;5,1;1,7
29/01/2022;1800 UTC;0;1004,1;1004,3;1004;1057,1;24,7;22,3;25,2;24,2;22,8;21,8;89;84;86;193;5,1;1,3
29/01/2022;1900 UTC;0,4;1003,9;1005,1;1003,9;205,9;23,3;22;24,8;23,2;22,5;21,6;92;86;92;107;6,7;4,3
29/01/2022;2000 UTC;0,8;1004,1;1004,2;1003,9;288;23,4;22,3;23,5;22,9;22,4;21,7;94;92;93;69;6,4;1,8
29/01/2022;2100 UTC;0;1004,6;1004,7;1004,1;420,9;24,1;22,9;24,1;23,4;22,9;22,3;94;93;93;12;4,1;1
29/01/2022;2200 UTC;0;1005,1;1005,1;1004,4;63,4;23,2;22;24,1;23,2;22,7;21,9;93;92;93;203;2,5;0,6
29/01/2022;2300 UTC;0;1006,4;1006,4;1005,1;;23;21,9;23,3;23;22,2;21,9;94;93;94;108;2,6;1,6
30/01/2022;0000 UTC;0;1006,7;1006,7;1006,4;;22,9;21,9;23;22,7;21,9;21,7;94;94;94;85;3,1;1,4
30/01/2022;0100 UTC;0;1007,4;1007,4;1006,7;;22,8;21,8;23;22,7;22;21,7;94;94;94;166;2,3;0,9
30/01/2022;0200 UTC;0;1007,9;1008,1;1007,4;;23;22;23,3;22,8;22,3;21,7;94;94;94;261;7,1;3,8
30/01/2022;0300 UTC;8,2;1007,8;1008,2;1007,8;;21,8;21,1;23;21,8;22,1;21;96;94;96;263;11,8;2,3
30/01/2022;0400 UTC;1,2;1006,5;1007,8;1006,5;;21,8;21,1;21,9;21,7;21,2;21;96;96;96;268;6,1;1,9
30/01/2022;0500 UTC;0;1005,9;1006,5;1005,9;;22;21,3;22,1;21,8;21,4;21,1;96;96;96;300;3,8;0,5
30/01/2022;0600 UTC;0,2;1005,8;1005,9;1005,8;;21,9;21,2;22;21,9;21,3;21,2;96;96;96;90;2,9;2
30/01/2022;0700 UTC;0,6;1005,2;1005,8;1005,2;;22,4;21,6;22,6;21,9;21,9;21,2;96;95;95;83;4,9;1,3
30/01/2022;0800 UTC;0;1004,8;1005,2;1004,7;;23,6;22,4;23,7;22,4;22,5;21,6;95;93;93;9;6,5;2,8
30/01/2022;0900 UTC;0;1005,5;1005,5;1004,8;10,7;23,4;22;23,6;23,2;22,4;21,9;93;92;92;62;5,9;0,9
30/01/2022;1000 UTC;0;1006;1006;1005,4;226,3;24,3;22,5;24,3;23,4;22,6;22,1;92;90;90;19;3,8;1,8
30/01/2022;1100 UTC;0;1006,3;1006,3;1005,9;609,7;24,4;22,6;25,1;24,3;23,1;22,5;90;88;90;276;4,5;1,6
30/01/2022;1200 UTC;0;1007,3;1007,3;1006,3;766,4;24,8;23;25,1;24,4;23,3;22,7;91;89;90;202;3,3;0,8
30/01/2022;1300 UTC;0,8;1006,9;1007,4;1006,6;415,1;24,2;22,5;24,8;24,2;23,1;22,4;92;90;90;102;6;3,4
30/01/2022;1400 UTC;0;1006,6;1006,9;1006,5;806,9;25;22,4;26,4;24,2;22,9;21,5;90;77;86;90;5,2;2,8
30/01/2022;1500 UTC;0;1006,6;1006,7;1006,4;929,7;25,8;22,8;25,8;25;23,1;22,4;87;82;83;84;6,9;2,9
30/01/2022;1600 UTC;0;1006,5;1006,6;1006,3;1153,8;25,1;22,5;26,2;24,9;23,1;22,3;87;82;86;218;6,9;2,1
30/01/2022;1700 UTC;0;1006,1;1006,5;1006,1;1558,8;24,4;22;25,6;24,4;23,3;21,8;87;85;87;216;5,1;2,2
30/01/2022;1800 UTC;0;1005,9;1006,1;1005,9;889,3;24,5;22,7;24,6;24,1;22,7;21,9;90;87;89;163;4,4;2,1
30/01/2022;1900 UTC;0;1005,4;1005,9;1005,4;1217,1;25,5;23,1;26;24,2;23,8;22,2;90;85;86;142;3,5;1,8
30/01/2022;2000 UTC;0;1005,4;1005,5;1005,3;646,4;24,7;22,4;25,5;24,5;23;22,1;87;86;87;190;2,7;1,4
30/01/2022;2100 UTC;0;1006,2;1006,2;1005,4;325,9;24,5;22,2;24,8;24,5;22,6;22,1;88;86;87;153;2,4;1,1
30/01/2022;2200 UTC;0;1006,7;1006,7;1006,2;46,6;24,5;22,4;24,5;24,3;22,4;22,2;88;87;88;65;3,3;1,4
30/01/2022;2300 UTC;0,6;1008;1008;1006,8;;24,3;21,9;24,8;24,3;22,5;21,9;88;86;87;65;3,3;1,7
31/01/2022;0000 UTC;6,2;1008;1008,3;1008;;23,1;21,9;24,3;23,1;22;21,8;93;87;93;69;5,4;2,6
31/01/2022;0100 UTC;0,8;1008,6;1008,7;1008;;23,3;22,1;23,3;23;22,1;21,8;93;93;93;75;5,3;1,4
31/01/2022;0200 UTC;0,2;1008,4;1008,6;1008,1;;23,1;21,4;23,5;22,7;22,2;21,3;93;90;90;86;6,5;2,1
31/01/2022;0300 UTC;0,2;1007,4;1008,4;1007,4;;22,9;21,4;23,1;22,6;21,4;21,1;92;90;91;74;5,4;2,4
31/01/2022;0400 UTC;0,2;1005,8;1007,4;1005,7;;23,5;21,2;23,9;22,9;21,6;21,1;91;86;87;240;7,9;2
31/01/2022;0500 UTC;0;1005,1;1005,8;1005,1;;23,7;21,5;23,7;23,3;21,5;21,2;88;87;88;6;9,5;3,6
31/01/2022;0600 UTC;0;1004,2;1005,1;1004,2;;24,2;21,5;24,2;23,6;21,6;21,4;88;85;85;7;7,2;3,3
31/01/2022;0700 UTC;0;1004,1;1004,2;1004;;24,4;21,3;24,4;23,8;21,5;21,2;86;83;83;353;7,2;2,5
31/01/2022;0800 UTC;0;1004,5;1004,5;1004,1;;24,9;20,6;25;24,4;21,4;20,6;83;77;77;103;5,5;1
31/01/2022;0900 UTC;0;1005,2;1005,2;1004,5;4,5;25;20,4;25,5;24,9;20,6;20,3;77;74;76;13;6;1,5
31/01/2022;1000 UTC;0;1005,4;1005,8;1005,2;75,7;24,6;20,9;25;24,6;20,9;20,5;80;76;80;79;5,1;2,7
31/01/2022;1100 UTC;0;1005,5;1005,5;1005,3;271,9;23,8;21,7;24,8;23,5;21,8;20,7;89;79;88;114;4,8;1,7
31/01/2022;1200 UTC;0;1006,4;1006,4;1005,5;765;26,2;22,8;26,4;23,8;23,2;21,7;88;81;81;149;4,3;2,2
31/01/2022;1300 UTC;0;1007;1007;1006,4;745,6;25,7;21,8;26,5;25,4;22,9;21,4;81;77;79;181;4,4;1,2
31/01/2022;1400 UTC;0;1007;1007,1;1006,9;646,6;25,9;21,9;26,2;25,2;22,4;21,5;81;78;79;147;2,3;1,6
31/01/2022;1500 UTC;0;1007,1;1007,1;1007;1646;25,8;22,3;27,5;25,8;24;21,8;82;79;81;241;2,9;1,3
31/01/2022;1600 UTC;0;1006,7;1007,2;1006,7;1252,5;25,4;22,8;26,1;25,1;23,1;22;87;81;85;271;4,2;1,2
31/01/2022;1700 UTC;0;1006;1006,7;1006;1216,7;25,5;22,8;25,9;25,1;23,7;22,4;88;85;85;125;3,9;1,9
31/01/2022;1800 UTC;0;1005,1;1006;1005,1;1654,8;27,1;23,6;27,3;25,4;24,3;22,7;88;80;81;134;3;2
31/01/2022;1900 UTC;0,2;1004;1005,1;1004;1078,8;24,4;21,9;27,1;24,4;23,6;21,7;86;80;86;165;3;2,3
31/01/2022;2000 UTC;0;1003,7;1004;1003,6;540,4;24,1;22,2;24,8;24;22,8;21,8;89;86;89;98;4;2
31/01/2022;2100 UTC;0;1004,8;1004,8;1003,7;343,9;24,3;21,9;24,3;23,9;22,3;21,9;89;87;87;55;4;1,8
31/01/2022;2200 UTC;0;1005,4;1005,4;1004,8;43,8;23,9;21,7;24,4;23,9;22;21,6;87;86;87;93;3,4;1,5
31/01/2022;2300 UTC;0;1005,5;1005,5;1005,3;;24,1;22;24,1;23,9;22;21,7;88;87;88;85;3,3;2
